{
  "metadata": {
    "title": "Angola’s communication sector is booming | TelecomTV",
    "date": "Mar 20, 2024",
    "youtube_id": "MrzbZKnxYYs"
  },
  "transcript": [
    {
      "metadata": {
        "speaker": "Tony Poulos",
        "company": "TelecomTV",
        "start_timestamp": 7,
        "end_timestamp": 22,
        "subjects": [
          "telemetry"
        ],
        "download": "clip/MrzbZKnxYYs-4-25.mp4"
      },
      "text": "Hi, I am Tony Poulos and I'm here at Mobile World Congress in Barcelona. I'm very pleased today to have with me Mr. Mário Oliveira, who is the minister of Telecoms IT and Social communications in Angola. Mr. Oliveira, welcome."
    },
    {
      "metadata": {
        "speaker": "Mário Oliveira",
        "company": "Telecoms Minister, Angola",
        "start_timestamp": 22,
        "end_timestamp": 25,
        "subjects": [],
        "download": "clip/MrzbZKnxYYs-19-28.mp4"
      },
      "text": "Thank you. Thank you. It's a pleasure."
    },
    {
      "metadata": {
        "speaker": "Tony Poulos",
        "company": "TelecomTV",
        "start_timestamp": 25,
        "end_timestamp": 34,
        "subjects": [],
        "download": "clip/MrzbZKnxYYs-22-37.mp4"
      },
      "text": "The last time you were here at Mobile World Congress, I believe was in 2019. That's five years ago. How do you feel about this particular trip to Barcelona"
    },
    {
      "metadata": {
        "speaker": "Mário Oliveira",
        "company": "Telecoms Minister, Angola",
        "start_timestamp": 34,
        "end_timestamp": 63,
        "subjects": [
          "telemetry",
          "containerization"
        ],
        "download": "clip/MrzbZKnxYYs-31-66.mp4"
      },
      "text": "After five years? The technology, of course, is developed a lot, and I found here new equipment, new technology. It means that the telecom sector continues improving in the world. And also I meet here some technician from companies that I meet five years ago. It's all of the telecom."
    },
    {
      "metadata": {
        "speaker": "Tony Poulos",
        "company": "TelecomTV",
        "start_timestamp": 63,
        "end_timestamp": 79,
        "subjects": [
          "backhaul",
          "telemetry"
        ],
        "download": "clip/MrzbZKnxYYs-60-82.mp4"
      },
      "text": "Of course, you have a very strong telecoms background yourself, so meeting these people is excellent for you. But network coverage now is crucial for the development of all sectors in Angola. What have you achieved in recent years and what are the future plans for Angola to improve coverage further"
    },
    {
      "metadata": {
        "speaker": "Mário Oliveira",
        "company": "Telecoms Minister, Angola",
        "start_timestamp": 79,
        "end_timestamp": 121,
        "subjects": [],
        "download": "clip/MrzbZKnxYYs-76-124.mp4"
      },
      "text": "In last three years, we have a new mobile operators. Now we have in Angola operating three mobile operators and the subscriber increase a lot during this three years ago. And also the internet cover is improving also. According with the regulator, last year we've got 11 million internet connection for the subscriber in al, it means that we are following what is happening in the world. And Dick sat is very important for the economy has happened in other countries of the world."
    },
    {
      "metadata": {
        "speaker": "Tony Poulos",
        "company": "TelecomTV",
        "start_timestamp": 121,
        "end_timestamp": 140,
        "subjects": [],
        "download": "clip/MrzbZKnxYYs-118-143.mp4"
      },
      "text": "In October, 2022, you launched the second artificial communication satellite known as ango, SAT two. We're all very happy to see that news that the satellite did reach its intended orbit, which is always a challenge. But what positive impact do you think this will have on Angola and the operators?"
    },
    {
      "metadata": {
        "speaker": "Mário Oliveira",
        "company": "Telecoms Minister, Angola",
        "start_timestamp": 140,
        "end_timestamp": 179,
        "subjects": [],
        "download": "clip/MrzbZKnxYYs-137-182.mp4"
      },
      "text": "As you know, Angola is a huge country. We are more than 1.2 million kilometers squared, and the population are far away in cities. And with using satellite communication, we can be all over the country. And from June last year, we start a project called Connect, and we are installing internet connection up country in village. The small village. It means that we are cover all the country for all the people with the internet connection using satellite connection."
    },
    {
      "metadata": {
        "speaker": "Tony Poulos",
        "company": "TelecomTV",
        "start_timestamp": 179,
        "end_timestamp": 188,
        "subjects": [],
        "download": "clip/MrzbZKnxYYs-176-191.mp4"
      },
      "text": "Well, Angola has changed rapidly in the last five years, particularly with the commercial launch of 5G as you mentioned. But how do you see 5G developing further in Angola?"
    },
    {
      "metadata": {
        "speaker": "Mário Oliveira",
        "company": "Telecoms Minister, Angola",
        "start_timestamp": 188,
        "end_timestamp": 214,
        "subjects": [],
        "download": "clip/MrzbZKnxYYs-185-217.mp4"
      },
      "text": "5G now is developed commercial, but just in three, four cities as you now is a new technology and the operators in Angola, we are working hard to cover all the country because it'll be good also for the industry, for the economy, for the agriculture, for the tourism, because we're improving a lot of tourism in Angola."
    },
    {
      "metadata": {
        "speaker": "Tony Poulos",
        "company": "TelecomTV",
        "start_timestamp": 214,
        "end_timestamp": 226,
        "subjects": [],
        "download": "clip/MrzbZKnxYYs-211-229.mp4"
      },
      "text": "Well, according to the news, the Ministry of Communications has launched the construction of the National Broadband Project. What positive impact do you think this project will have on Angola when it becomes commercially available?"
    },
    {
      "metadata": {
        "speaker": "Mário Oliveira",
        "company": "Telecoms Minister, Angola",
        "start_timestamp": 226,
        "end_timestamp": 249,
        "subjects": [
          "fiber",
          "ran"
        ],
        "download": "clip/MrzbZKnxYYs-223-252.mp4"
      },
      "text": "It'll be ready if everything running well in the end of the next year and we'll cover it. The proposals cover old country with fiber connection. We are working with the provider solution to get first one terabyte network in Africa. Wow."
    },
    {
      "metadata": {
        "speaker": "Tony Poulos",
        "company": "TelecomTV",
        "start_timestamp": 249,
        "end_timestamp": 262,
        "subjects": [
          "containerization"
        ],
        "download": "clip/MrzbZKnxYYs-246-265.mp4"
      },
      "text": "And what is your opinion of the current development of talent in the communications sector in Angola? And of course, what are the future plans for Angola to develop and contribute and continue to improve this talent? I mean, this is critical for the growth of the industry."
    },
    {
      "metadata": {
        "speaker": "Mário Oliveira",
        "company": "Telecoms Minister, Angola",
        "start_timestamp": 262,
        "end_timestamp": 330,
        "subjects": [],
        "download": "clip/MrzbZKnxYYs-259-333.mp4"
      },
      "text": "Yes, it is. We are a youth country, our youth, they're working hard in it. And now we are installing some new schools, new technical institute. We are also preparing to provide an cybersecurity academy. We have a project which we call digital do ao. In this project, the youth can be there using facilities for the internet connection to develop, to create some products, the startups. Also, we have this project to call our use for the technology to develop some products. In terms of programmation, in terms of, I mean, we have also, last year we organized an ICT forum called It is an NICE C, this is the CT forum. And in this forum we have got the more than 100 startups."
    },
    {
      "metadata": {
        "speaker": "Tony Poulos",
        "company": "TelecomTV",
        "start_timestamp": 330,
        "end_timestamp": 341,
        "subjects": [],
        "download": "clip/MrzbZKnxYYs-327-339.65999999999997.mp4"
      },
      "text": "Well, this is the critical part for you and of course we've seen you develop so quickly over the past five years. Maybe it's an advantage starting late with technology because you've got all the best technology now"
    },
    {
      "metadata": {
        "speaker": "Mário Oliveira",
        "company": "Telecoms Minister, Angola",
        "start_timestamp": 341,
        "end_timestamp": 365,
        "subjects": [],
        "download": "clip/MrzbZKnxYYs-338-339.65999999999997.mp4"
      },
      "text": "Available is our youth. Our youth. They are creative, they're working hard and we also, we have good partners that have developed the infrastructure with us. And it's the secret to have good partners and work the youth, creative youth that is compromised with the country."
    },
    {
      "metadata": {
        "speaker": "Tony Poulos",
        "company": "TelecomTV",
        "start_timestamp": 365,
        "end_timestamp": 369,
        "subjects": [],
        "download": null
      },
      "text": "Mr. Oliveira, thank you so much for being with me today. It's been great to catch up."
    },
    {
      "metadata": {
        "speaker": "Mário Oliveira",
        "company": "Telecoms Minister, Angola",
        "start_timestamp": 369,
        "end_timestamp": 387,
        "subjects": [],
        "download": null
      },
      "text": "It's a pleasure. And come to Angola to visit Angola. Angola is a country that is in development and we invite all of the people that wants to help us for the development of our country. Please, we are very warm. Huge for you."
    },
    {
      "metadata": {
        "speaker": "Tony Poulos",
        "company": "TelecomTV",
        "start_timestamp": 387,
        "end_timestamp": 0,
        "subjects": [
          "containerization"
        ],
        "download": null
      },
      "text": "We can see that. Thank you very much.Please note that video transcripts are provided for reference only – content may vary from the published video or contain inaccuracies."
    }
  ]
}