{
  "metadata": {
    "title": "How telcos can manage costs and deliver new revenue streams | TelecomTV",
    "date": "Aug 7, 2024",
    "youtube_id": "4YdZcR1VS2w"
  },
  "transcript": [
    {
      "metadata": {
        "speaker": "Ray Le Maistre",
        "company": "TelecomTV",
        "start_timestamp": 4,
        "end_timestamp": 17,
        "subjects": [],
        "download": "clip/4YdZcR1VS2w-1-20.mp4"
      },
      "text": "We are at DTW Ignite 2024. We're in the sunny capital city of Copenhagen. I'm here with Mohit Joshi, who is CEO and MD of Tech Mahindra. Mohit, thanks so much for joining us today. Good to see you."
    },
    {
      "metadata": {
        "speaker": "Mohit Joshi",
        "company": "Tech Mahindra",
        "start_timestamp": 17,
        "end_timestamp": 23,
        "subjects": [],
        "download": "clip/4YdZcR1VS2w-14-26.mp4"
      },
      "text": "Thank you, Ray. It's wonderful to be here, and as you said, it's a beautiful sunny day. The best time of the year to be in Copenhagen."
    },
    {
      "metadata": {
        "speaker": "Ray Le Maistre",
        "company": "TelecomTV",
        "start_timestamp": 23,
        "end_timestamp": 35,
        "subjects": [],
        "download": "clip/4YdZcR1VS2w-20-38.mp4"
      },
      "text": "Absolutely. Now, Tech Mahindra is here at the event with its slogan \"Scale at Speed\". What does that mean for the company, for your customers, for your partners?"
    },
    {
      "metadata": {
        "speaker": "Mohit Joshi",
        "company": "Tech Mahindra",
        "start_timestamp": 35,
        "end_timestamp": 77,
        "subjects": [],
        "download": "clip/4YdZcR1VS2w-32-80.mp4"
      },
      "text": "So scale at speed is our new strategic narrative, right? The way we think about the way technology and operations is being consumed by the largest companies in the world is that there is a need for scale at speed. And historically, you almost had a binary choice between scale. So think about it as assembling a large land army or speed. Think about special forces now with the consumerization of technology, with changing demographics, with geopolitics, with AI, you need scale at speed. And we felt it was a wonderful and very compelling narrative, and especially for us, given the importance of telco to the tech end business, we felt it was a very important narrative for the industry as well."
    },
    {
      "metadata": {
        "speaker": "Ray Le Maistre",
        "company": "TelecomTV",
        "start_timestamp": 77,
        "end_timestamp": 97,
        "subjects": [],
        "download": "clip/4YdZcR1VS2w-74-100.mp4"
      },
      "text": "Now, there's a lot of talk here at this event about how the service providers need to find new revenue streams, et cetera, but at the same time, they need to be managing their costs more. How can Tech Mahindra help them to manage their OpEx and help them keep that down as data volumes go up?"
    },
    {
      "metadata": {
        "speaker": "Mohit Joshi",
        "company": "Tech Mahindra",
        "start_timestamp": 97,
        "end_timestamp": 164,
        "subjects": [
          "bss"
        ],
        "download": "clip/4YdZcR1VS2w-94-167.mp4"
      },
      "text": "Absolutely. Look, I think the economics for the telco business have been challenging for a while, and clearly with interest rates going up with, especially in the Western world, not too much of a subscriber edition and the huge investments that have gone into the network and the 5G, the economics are a little bit challenging. The way we think about it is it is simplify, modernize, and monetize. So simplify your and modernize your existing stack. Look at your OpEx again, but also look at new monetization opportunities. For instance, we feel that open APIs are going to give us significant monetization opportunity. Look at reducing their churn in your business. Look at increasing the RPU per customer. And we feel that at Tech Mahindra we have a unique combination of services capability that can help you simplify and modernize. But we also have a significant number of software assets with Conviva, which can really help you monetize it. We have a very strong marketing analytics platform, a very strong BSS platform that gives significant monetization opportunities for the telcos."
    },
    {
      "metadata": {
        "speaker": "Ray Le Maistre",
        "company": "TelecomTV",
        "start_timestamp": 164,
        "end_timestamp": 182,
        "subjects": [
          "telemetry"
        ],
        "download": "clip/4YdZcR1VS2w-161-185.mp4"
      },
      "text": "Now, of course, one of the big topics at this and every other telecom event is artificial intelligence. It's on everybody's lips. How does AI fit into the Tech Mahindra strategy and how can you help the service providers with their AI strategies?"
    },
    {
      "metadata": {
        "speaker": "Mohit Joshi",
        "company": "Tech Mahindra",
        "start_timestamp": 182,
        "end_timestamp": 230,
        "subjects": [
          "telemetry"
        ],
        "download": "clip/4YdZcR1VS2w-179-233.mp4"
      },
      "text": "I think AI is a very fascinating topic because AI obviously is all pervading. The way we think about AI is that there are some AI use cases that are really happening across industries. So whether it's financial services or healthcare or telecom, you have use cases around customer service, for instance, and digital deflection. You've got use cases around cybersecurity. You've got use cases around talent, and you've got use cases around developer productivity. So these are the use cases that are pretty much horizontal and across the board, but then you've got specific vertical use cases for the telecom industry, for instance, we think the energy consumption of the network is a very powerful use case for applying AI. So we are thinking about what are the horizontal and vertical cases for AI and for telcos, we've got a hundred plus use cases that can be applied. So that's one piece of it."
    },
    {
      "metadata": {
        "speaker": "Mohit Joshi",
        "company": "Tech Mahindra",
        "start_timestamp": 230,
        "end_timestamp": 283,
        "subjects": [],
        "download": "clip/4YdZcR1VS2w-227-286.mp4"
      },
      "text": "The second piece I'll mention is that Tech Mahindra is also making a very significant investment from a research perspective. We are, to the best of my knowledge, the only service provider that has built its own large language models ground up, right? So we built a large language model for Indian languages and now for Bahasa Indonesian that has been built ground up. So we collected the data, done the optimization, got billions of parameters and are now testing the model. So that gives us a very strong foundation. And the final thing I'll mention from an AI perspective, which I think is really important because a lot of people are talking about UI AI use cases, but people haven't built the validation and testing frameworks to be able to take these use cases up to industrial scale. And we are investing in building a very strong validation framework for the industry so that you can go beyond pilots to enterprise use case adoption."
    },
    {
      "metadata": {
        "speaker": "Ray Le Maistre",
        "company": "TelecomTV",
        "start_timestamp": 283,
        "end_timestamp": 290,
        "subjects": [],
        "download": "clip/4YdZcR1VS2w-280-293.mp4"
      },
      "text": "Well, that sounds like a very worthwhile focus because you can't go into this blind and not know what's going to happen once you implement."
    },
    {
      "metadata": {
        "speaker": "Mohit Joshi",
        "company": "Tech Mahindra",
        "start_timestamp": 290,
        "end_timestamp": 292,
        "subjects": [],
        "download": "clip/4YdZcR1VS2w-287-295.mp4"
      },
      "text": "Exactly, exactly."
    },
    {
      "metadata": {
        "speaker": "Ray Le Maistre",
        "company": "TelecomTV",
        "start_timestamp": 292,
        "end_timestamp": 294,
        "subjects": [],
        "download": "clip/4YdZcR1VS2w-289-295.26.mp4"
      },
      "text": "Mohit, pleasure to speak to you. Thanks very much for joining us today."
    },
    {
      "metadata": {
        "speaker": "Mohit Joshi",
        "company": "Tech Mahindra",
        "start_timestamp": 294,
        "end_timestamp": 0,
        "subjects": [
          "containerization"
        ],
        "download": "clip/4YdZcR1VS2w-291-295.26.mp4"
      },
      "text": "Thank you, Ray. Thank you for your time.Please note that video transcripts are provided for reference only – content may vary from the published video or contain inaccuracies."
    }
  ]
}