{
  "metadata": {
    "title": "Exposing network APIs the Deutsche Telekom way | TelecomTV",
    "date": "Apr 22, 2024",
    "youtube_id": "aUhFol2tU_U"
  },
  "transcript": [
    {
      "metadata": {
        "speaker": "Ray Le Maistre",
        "company": "TelecomTV",
        "start_timestamp": 5,
        "end_timestamp": 24,
        "subjects": [
          "api",
          "telemetry"
        ],
        "download": "clip/aUhFol2tU_U-2-27.mp4"
      },
      "text": "So we're at FutureNet World in London. I'm here with Dr. Hartmut Wittig. He is a VP at Magenta, API, which is part of Deutsche Telekom. Thanks very much for taking the time to join us today. So can you just tell us about Magenta API? What is this part of Deutsche Telekom doing?"
    },
    {
      "metadata": {
        "speaker": "Dr Hartmut Wittig",
        "company": "Deutsche Telekom",
        "start_timestamp": 24,
        "end_timestamp": 76,
        "subjects": [
          "api",
          "telemetry"
        ],
        "download": "clip/aUhFol2tU_U-21-79.mp4"
      },
      "text": "Yeah, so Magenta API consists of two parts. One is our team is called Magenta, API. Because we are developing this market further and approximately a kernel of 50 people in Deutsche Telecom organization and plus 200 people which are collaborating very closely with the other, for example, folks from the T-Mobile, US folks from telecom Europe, folks from telecom, Deutschland and Magenta API stands for a very customer oriented set of APIs where we try to do the next best thing and the new thing in the market because we are a very strong believer of standard APIs of exposing them, giving all developers and customers the power of telecommunication. In your hands,"
    },
    {
      "metadata": {
        "speaker": "Ray Le Maistre",
        "company": "TelecomTV",
        "start_timestamp": 76,
        "end_timestamp": 84,
        "subjects": [
          "telemetry"
        ],
        "download": "clip/aUhFol2tU_U-73-87.mp4"
      },
      "text": "Where is Deutsche Telekom in this process of opening up its network APIs to enable developers to develop new applications?"
    },
    {
      "metadata": {
        "speaker": "Dr Hartmut Wittig",
        "company": "Deutsche Telekom",
        "start_timestamp": 84,
        "end_timestamp": 142,
        "subjects": [
          "telemetry"
        ],
        "download": "clip/aUhFol2tU_U-81-145.mp4"
      },
      "text": "Yeah, so we are a very strong supporter and we are very strong key enabler of various standards. For example, in the Kamara ens in the GSMA, we are pushing extremely hard to get one standard because we are a strong believer. If you think about a global networking story we have to provide to our clients as telecommunication companies worldwide, we think the first thing which has to be done is the same standard format. And this helps really the developers not to develop for the Deutsche Telecom customers only and the Vodafone customers only. And we are on the same page because we think on a global telecommunication market and the better we are doing a external communication industry, the better is it for our customers and for the developers also. And I compare it always with think about the hyperscalers, what they have done in store in compute, the same as possible to do it now with networking."
    },
    {
      "metadata": {
        "speaker": "Ray Le Maistre",
        "company": "TelecomTV",
        "start_timestamp": 142,
        "end_timestamp": 143,
        "subjects": [],
        "download": "clip/aUhFol2tU_U-139-146.mp4"
      },
      "text": "Okay."
    },
    {
      "metadata": {
        "speaker": "Ray Le Maistre",
        "company": "TelecomTV",
        "start_timestamp": 143,
        "end_timestamp": 152,
        "subjects": [],
        "download": "clip/aUhFol2tU_U-140-155.mp4"
      },
      "text": "And so are there any early examples of services that have been developed from these standard APIs? Are you at that stage yet?"
    },
    {
      "metadata": {
        "speaker": "Dr Hartmut Wittig",
        "company": "Deutsche Telekom",
        "start_timestamp": 152,
        "end_timestamp": 314,
        "subjects": [],
        "download": "clip/aUhFol2tU_U-149-317.mp4"
      },
      "text": "Okay. And these are all based on then standard APIs and you mentioned the GSMA there before. How important is that the GSMA open gateway initiative in terms of enabling this and helping more developers to understand what capabilities are available?"
    },
    {
      "metadata": {
        "speaker": "Dr Hartmut Wittig",
        "company": "Deutsche Telekom",
        "start_timestamp": 314,
        "end_timestamp": 391,
        "subjects": [
          "api",
          "telemetry",
          "containerization"
        ],
        "download": "clip/aUhFol2tU_U-311-394.mp4"
      },
      "text": "I've been a developer 20 years of my life. That's why I know from the other side also what I'm talking about. And a developer has always in mind a certain software and normally the software is not constrained by a certain country or by a certain telecommunication company. He wants to have in their customer audience as many people as possible. And that's why it's very important from a technical point of view to have one standard. So in this one standard enables them to program everything against one API and we are a key, we are convinced with our hearts that these standards in a technical sense are necessary to convince the developers and based on the developers, also the customers and also the open gateway initiative is one piece of it coin to get it more standardized. Will it end up in the standardization of a technical basis? I do not believe because think about the developer having contracts with 700 tecos around the world to make this possible. I think a piece of bitcoin must also be commercial models which are somehow also a keen enabler but not each and everybody has the contract 700 tecos."
    },
    {
      "metadata": {
        "speaker": "Ray Le Maistre",
        "company": "TelecomTV",
        "start_timestamp": 391,
        "end_timestamp": 411,
        "subjects": [
          "api"
        ],
        "download": "clip/aUhFol2tU_U-388-414.mp4"
      },
      "text": "So in terms of how magenta API is developing, what are your roots to market? How are you engaging with the developers and the companies you want to reach and who are those companies or developers? What are the target users for what you are doing?"
    },
    {
      "metadata": {
        "speaker": "Dr Hartmut Wittig",
        "company": "Deutsche Telekom",
        "start_timestamp": 411,
        "end_timestamp": 576,
        "subjects": [
          "api"
        ],
        "download": "clip/aUhFol2tU_U-408-579.mp4"
      },
      "text": "And in terms of these direct relationships, I'm sure those are probably the optimum ones for magenta API. How involved is your magenta API team in the process of working with that direct sales team? Because they need to understand what you are doing, they need to be able to communicate it to the enterprises. How tricky is that or do they all get it?"
    },
    {
      "metadata": {
        "speaker": "Dr Hartmut Wittig",
        "company": "Deutsche Telekom",
        "start_timestamp": 576,
        "end_timestamp": 657,
        "subjects": [
          "api",
          "telemetry"
        ],
        "download": "clip/aUhFol2tU_U-573-660.mp4"
      },
      "text": "So it's really hard daily work because of it. I have to leave tomorrow because I have tomorrow my next four or five customer meetings. But it's a very direct response to what we are doing in VI mentioned the API arena. And we are knowing so much better than what is the pain point of a customer, what is the challenges, how to address and transform it not only into our APIs, we are also extremely helping us in our roadmap. So what comes next, because you might know camera is now published over 50 APIs and the next best API to be implemented is in our organization always driven in the mixture of what is our own capability to expose on the one hand side. On the other hand side, the customers are saying which demand he has for certain APIs and always based on standards. So that's one paradigm or mantra I would say to do it based on standard means with not only with Doche telecom and their customers in the game, but also all core petition partners as for example, Telefonica and the others. And for me it's an activity for market development and business development similar to in the IT arena the hyperscalers are doing."
    },
    {
      "metadata": {
        "speaker": "Ray Le Maistre",
        "company": "TelecomTV",
        "start_timestamp": 657,
        "end_timestamp": 671,
        "subjects": [],
        "download": "clip/aUhFol2tU_U-654-674.mp4"
      },
      "text": "Do you think that the understanding of the opportunities is that people are grasping this quite quickly and understanding the opportunities and able to communicate that? Is this happening quite quickly?"
    },
    {
      "metadata": {
        "speaker": "Dr Hartmut Wittig",
        "company": "Deutsche Telekom",
        "start_timestamp": 671,
        "end_timestamp": 762,
        "subjects": [
          "bandwidth",
          "automation",
          "containerization"
        ],
        "download": "clip/aUhFol2tU_U-668-765.mp4"
      },
      "text": "I think so from time to time we have some challenges. For example, in the US we are the first having a standard architecture for 5G in Germany. This is coming now approximately in October. And that helps very much because the bandwidth is growing and as we have no more bandwidth, more reservations can be done without suppressing public customers for example. So that's one key enabler we have in mind. On the other side, from the customer side, we see use cases which have the potential to explode. Think about our tests we are doing with the car industry. So we have 20 million cars on the road. So the complexity is not to have bond test and the next test. So the car industry and especially in automated driving is very close to go to the market. And to do so you at least have to have a view camera. And for example, if you think about cranes or cars and lorries, you need to have the ability to hook on the current video stream to see what's happening there. For example, it's not completely autonomous as in other countries, but at least in Germany it will be a hybrid mode of operation, but for sure not for the next 10 years when a driver is in the car who could use and interrupt and take over the control. We hope that this will be done by video over the network and that's also one target we have."
    },
    {
      "metadata": {
        "speaker": "Ray Le Maistre",
        "company": "TelecomTV",
        "start_timestamp": 762,
        "end_timestamp": 791,
        "subjects": [],
        "download": "clip/aUhFol2tU_U-759-794.mp4"
      },
      "text": "Wow. So a lot of learning going on here with the different opportunities. Now of course at the end of the day nobody is doing this just for fun or because they can, this is about growing business relationships and driving revenues and making money. So who in this ecosystem is going to be able to generate profitable revenues from the exposure of network APIs?"
    },
    {
      "metadata": {
        "speaker": "Dr Hartmut Wittig",
        "company": "Deutsche Telekom",
        "start_timestamp": 791,
        "end_timestamp": 996,
        "subjects": [
          "throughput"
        ],
        "download": "clip/aUhFol2tU_U-788-999.mp4"
      },
      "text": "And so if I understand correctly, it's still kind of being figured out if you are engaging with the application developers through the hyperscalers, that it's still being figured out well who's going to make the share of the revenues from the resulting service? Are things still flexible there? It's still being figured out. Is it?"
    },
    {
      "metadata": {
        "speaker": "Dr Hartmut Wittig",
        "company": "Deutsche Telekom",
        "start_timestamp": 996,
        "end_timestamp": 1026,
        "subjects": [],
        "download": "clip/aUhFol2tU_U-993-1029.mp4"
      },
      "text": "Yeah, so I personally expect half the majority of our key customer applications will come from a direct approach from a B2B customers. And the other half is for sure the developers out of the ecosystem. As soon as we have more standard APIs, as soon as we have standard business models which appeared more attractive than one by one by one, we accept a very high expect, very high acceptance also from the developer side."
    },
    {
      "metadata": {
        "speaker": "Ray Le Maistre",
        "company": "TelecomTV",
        "start_timestamp": 1026,
        "end_timestamp": 1046,
        "subjects": [
          "api"
        ],
        "download": "clip/aUhFol2tU_U-1023-1049.mp4"
      },
      "text": "Excellent. Well, Hartmut great to hear about Magenta API and great to see a specific unit within a large network operator focusing on this and helping to develop. So great to hear your story and thanks very much for joining us today."
    },
    {
      "metadata": {
        "speaker": "Dr Hartmut Wittig",
        "company": "Deutsche Telekom",
        "start_timestamp": 1046,
        "end_timestamp": 1050,
        "subjects": [],
        "download": "clip/aUhFol2tU_U-1043-1053.mp4"
      },
      "text": "Thank you very much and it was a pleasure to meet you. Thanks a lot."
    },
    {
      "metadata": {
        "speaker": "Ray Le Maistre",
        "company": "TelecomTV",
        "start_timestamp": 1050,
        "end_timestamp": 0,
        "subjects": [
          "containerization"
        ],
        "download": "clip/aUhFol2tU_U-1047-1056.74.mp4"
      },
      "text": "Thank You, Hartmut. Thank you.Please note that video transcripts are provided for reference only – content may vary from the published video or contain inaccuracies."
    }
  ]
}