{
  "metadata": {
    "title": "AI inferencing at the 5G connected edge for video analytics | TelecomTV",
    "date": "Apr 3, 2024",
    "youtube_id": "RPHq9-ftOQI"
  },
  "transcript": [
    {
      "metadata": {
        "speaker": "Martin Jensen",
        "company": "Athonet",
        "start_timestamp": 4,
        "end_timestamp": 496,
        "subjects": [],
        "download": "clip/RPHq9-ftOQI-1-499.mp4"
      },
      "text": "All right, well thank you so much, fun. Thank you."
    },
    {
      "metadata": {
        "speaker": "Martin Jensen",
        "company": "Athonet",
        "start_timestamp": 496,
        "end_timestamp": 0,
        "subjects": [
          "containerization"
        ],
        "download": "clip/RPHq9-ftOQI-493-500.06.mp4"
      },
      "text": "Thank you.Please note that video transcripts are provided for reference only – content may vary from the published video or contain inaccuracies."
    }
  ]
}