{
  "metadata": {
    "title": "Delivering mobile financial services to new markets with the Ericsson Wallet Platform and HPE GreenLake Flex Solutions | TelecomTV",
    "date": "Apr 3, 2024",
    "youtube_id": "hneh_IwWeaY"
  },
  "transcript": [
    {
      "metadata": {
        "speaker": "Oded Shihor",
        "company": "HPE",
        "start_timestamp": 6,
        "end_timestamp": 12,
        "subjects": [],
        "download": "clip/hneh_IwWeaY-3-15.mp4"
      },
      "text": "My name is Oded Shihor, I'm part of the Ericsson account team at HPE. I'm the account chief technologist. I'm happy to be here today."
    },
    {
      "metadata": {
        "speaker": "Pavan Bachwal",
        "company": "Ericsson",
        "start_timestamp": 12,
        "end_timestamp": 21,
        "subjects": [],
        "download": "clip/hneh_IwWeaY-9-24.mp4"
      },
      "text": "Thank you. My name is Pavan Bachwal and I look into sales for financial services technologies at Ericsson. So shall we begin?"
    },
    {
      "metadata": {
        "speaker": "Pavan Bachwal",
        "company": "Ericsson",
        "start_timestamp": 21,
        "end_timestamp": 21,
        "subjects": [],
        "download": "clip/hneh_IwWeaY-18-24.mp4"
      },
      "text": "Sure"
    },
    {
      "metadata": {
        "speaker": "Pavan Bachwal",
        "company": "Ericsson",
        "start_timestamp": 21,
        "end_timestamp": 88,
        "subjects": [
          "throughput",
          "api",
          "telemetry"
        ],
        "download": "clip/hneh_IwWeaY-18-91.mp4"
      },
      "text": "Great. I wanted to introduce you to Ericsson Wallet platform. A lot of you who know Ericsson know that we are the biggest telecommunications company at MWC and globally, but a little known fact is that we are also one of the biggest financial services providers with technology that is enabling CSPs in Middle East and Africa. Okay. We have been in the industry for over a decade now with our technology, the wallet platform that is giving financial transactions either through a stored value account that is typically called as wallets or enabling financial services through your bank accounts or your credit debit cards or your loyalty program cards, which typically go by external instruments. This technology is built on an API framework that is easy to use and consume, whether it is towards the upstream channels, be it a mobile app, be it a smartwatch, be it a chatbot or legacy channels, which are STK or USSD or downstream systems, which are typically your banking networks."
    },
    {
      "metadata": {
        "speaker": "Pavan Bachwal",
        "company": "Ericsson",
        "start_timestamp": 88,
        "end_timestamp": 144,
        "subjects": [
          "throughput"
        ],
        "download": "clip/hneh_IwWeaY-85-147.mp4"
      },
      "text": "It is basically your ATM, your card processor, your remittance, your utility networks, all encompassed with one stack in the middle, giving the product APIs, giving the accounting APIs, and giving the external instrument APIs. So this technology is security by design. What I mean by that is at the bottom of it is the infrastructure going all the way through the operating system to the business layer. Security is by design in order to comply with very stringent regulatory requirements that we have in different financial markets. And this basically means that we need to comply, whether it is ISO standards, whether it is payment card industry standards, whether it is P-A-D-S-S or it is even GDPR related the compliance that we need to do. And whenever we go in a particular market, we are always trying to see how we constantly adhere to the regulations in a given market and adapt the technology."
    },
    {
      "metadata": {
        "speaker": "Pavan Bachwal",
        "company": "Ericsson",
        "start_timestamp": 144,
        "end_timestamp": 200,
        "subjects": [
          "throughput"
        ],
        "download": "clip/hneh_IwWeaY-141-203.mp4"
      },
      "text": "And this technology is not only for CSPs, but it can be positioned or repurposed for banks who are trying to take the evolution to a digital bank or a neobank. It can be provided for fintechs who are looking for one use case, whether it is a buy now, pay later, whether it is a remittance, whether it is a payment. All of these landscape users who are launching financial services can look up to the Erickson Wall platform. As I mentioned, we have been there for a long time, and this is more or less a hidden jewel in 24 markets where we have our deployments through some of our customers that are out here. We are able to kind of process 450 million users that are 85 millions on a daily basis, 117 million on a three month basis, processing 40 billion US dollars on a month, which translates to 480 odd million over a year."
    },
    {
      "metadata": {
        "speaker": "Pavan Bachwal",
        "company": "Ericsson",
        "start_timestamp": 200,
        "end_timestamp": 259,
        "subjects": [
          "throughput"
        ],
        "download": "clip/hneh_IwWeaY-197-262.mp4"
      },
      "text": "That is through 3 billion transactions a month. Through our experience, we have created 350 open APIs that could be used for any different kind of financial services transactions. And we have gained experience through integrating with 6,000 plus service providers, giving access to developers who want to use our APIs, but at the same time look into who we pre integrate with from a remittance provider's point of view, or for that matter when it comes to the banks who are the cornerstone of any financial ecosystem. Okay. So we come with a lot of product experience, we come with a lot of services experience, and of course we are supported by our partners, HPE, who have helped us on the infrastructure side and what we want to do more for the enterprises tomorrow. Today what we are trying to showcase at the Erickson Hall, number two, and if any one of you is interested, we have use cases that are on the basic side that is to the left."
    },
    {
      "metadata": {
        "speaker": "Pavan Bachwal",
        "company": "Ericsson",
        "start_timestamp": 259,
        "end_timestamp": 330,
        "subjects": [
          "throughput",
          "orchestration",
          "orchestrator",
          "ran"
        ],
        "download": "clip/hneh_IwWeaY-256-333.mp4"
      },
      "text": "And through the course of our evolution of the product, we have gone through the advanced use cases. So the classic push and pull of money from a bank, the transfers and the vouchers, the bill payments and the airtime, top-ups or the postpaid top-ups to overdrafts. If you run out of money and you need an overdraft from a bank, two, the advanced use cases of remittances, carrying out any kind of transaction through the mix of external instruments, pay some portion from your bank account, pay some portion from a wallet, pay some portion from your card. All of that can be orchestrated and managed to going to buy now, pay later, and creating the whole business logic and framework. In order to kind of look into what it means for enterprises, what it means for merchants to launch installment based plans look into advanced auctions. So a use case could typically be if you are device financing and you have paid out that installment plan and one year later you want to replace your iPhone 13 with an iPhone 14, how rather than going to an eBay or a marketplace, anyone who is an auction provider could then use case the APIs oron wall platform and auction that iPhone 13 for you and you end up doing the transaction eventually."
    },
    {
      "metadata": {
        "speaker": "Pavan Bachwal",
        "company": "Ericsson",
        "start_timestamp": 330,
        "end_timestamp": 372,
        "subjects": [
          "throughput",
          "api"
        ],
        "download": "clip/hneh_IwWeaY-327-375.mp4"
      },
      "text": "And last but not the least is frictionless payment using the API power looking into whether it is in-car payments, whether it is IOT enabled payments, any kind of transaction that could be leveraged can be enabled through the Ericsson mobile platform. And please feel free to join us at Hall two where I am demonstrating with my team all of these use cases to get more insight into the reality of what Ericsson is doing in the financial services space through its technology. With that, I want to hand over to ODed, who we have supported over the last many months in order to look into what we can do together with the announcement that has come up this morning and see what we can do for the future to enterprises. Absolutely. Thank you,"
    },
    {
      "metadata": {
        "speaker": "Oded Shihor",
        "company": "HPE",
        "start_timestamp": 372,
        "end_timestamp": 437,
        "subjects": [
          "containerization",
          "cloudification"
        ],
        "download": "clip/hneh_IwWeaY-369-440.mp4"
      },
      "text": "ODed. Thank you Pavan, very much. Such a great solution by Ericsson. Let me explain you today how we actually enabled that solution into the markets. We are using HP GreenLake. HP GreenLake is the platform for cloud services at hp. We call it the cloud that comes to you because basically a customer can decide where he wants to consume the services. We can consume the services either in the data center of the enterprise of the CSP or in a colocation of choice. That platform also allows a pay as you grow model. So you get the complete cloud-like experience on premises. This is the platform we chose to enable the Ericsson wallet platform. Let's double click into what we are actually doing. What we are doing, we are actually defined a blueprint, a solution of the stack that includes the best of HPE, the infrastructure, the compute, the storage, the network, including third party solutions like the VMware software, including the software suite of HPE, esal containers, platform and esmer data fabric."
    },
    {
      "metadata": {
        "speaker": "Oded Shihor",
        "company": "HPE",
        "start_timestamp": 437,
        "end_timestamp": 0,
        "subjects": [
          "throughput",
          "containerization",
          "cloudification"
        ],
        "download": "clip/hneh_IwWeaY-434-523.66.mp4"
      },
      "text": "On top of that, we have security solutions. And on top of that we have the Ericson software. All this is packaged together, factory integrated in our factories, shipped to the customer, to the CSP or to the enterprise. It's not only that we are actually taking that solution and we deliver it as a service into the customer's data center. And we can optionally manage it for the customer if needed, taking care of the whole life cycle of the solution, upgrading ware, taking care of different support cases, et cetera. So all this is consumed through HP GreenLake portal and we see lots of value to the customers by doing so. As such, we see values like unlock the new revenue streams for the customer. By the Ericsson use cases, we see modernization of financial services for different financial institutions and other types of enterprises. We actually help customer achieve sustainability goals because this platform also has all the KPIs needed and information in order to show how this enterprise can meet the sustainability goals that they've set. And we also deliver a cloud-like faster deployment by using the GreenLake platform. All this is actually meeting the customer the enterprise requirements in the best way possible. Thank you very much.Please note that video transcripts are provided for reference only – content may vary from the published video or contain inaccuracies."
    }
  ]
}