{
  "metadata": {
    "title": "Extra Shot – part 5 featuring Appledore Research and Pliant.io (IBM) | TelecomTV",
    "date": "Jun 14, 2024",
    "youtube_id": "zZCNUasRVTo"
  },
  "transcript": [
    {
      "metadata": {
        "speaker": "Charlotte Kan",
        "company": "TelecomTV",
        "start_timestamp": 16,
        "end_timestamp": 43,
        "subjects": [
          "containerization"
        ],
        "download": "clip/zZCNUasRVTo-13-46.mp4"
      },
      "text": "Welcome to Extra Shot with me, Charlotte Kan. We are live from Windsor for day two of the DSP Leaders World Forum and we just had a very interesting and very content rich session here on unlocking platform opportunities with network APIs. So to discuss it, I am delighted to welcome Vess Bakalov, love president at Pliant.io an IBM company and Robert Curran. Robert is consulting analyst at Appledore Research. Welcome to both of you."
    },
    {
      "metadata": {
        "speaker": "Robert Curran",
        "company": "Appledore Research",
        "start_timestamp": 43,
        "end_timestamp": 45,
        "subjects": [],
        "download": "clip/zZCNUasRVTo-40-48.mp4"
      },
      "text": "Thank you. Thank you. Thanks very much. Great to be here."
    },
    {
      "metadata": {
        "speaker": "Charlotte Kan",
        "company": "TelecomTV",
        "start_timestamp": 45,
        "end_timestamp": 99,
        "subjects": [
          "qos"
        ],
        "download": "clip/zZCNUasRVTo-42-102.mp4"
      },
      "text": "Know what, it was great to see the difference perspectives. Obviously we had a wide panoply of different stakeholders on the stage. Obviously GSMA who is doing an amazing job trying to bring together the community, organize it, have that single interface, which we all think is so critical to foster adoption. Having Ishwar on the stage representing AWS was great because it's such a different viewpoint from everyone else. And honestly, having the different telcos, I have some thoughts about that and some of their opinions, but it was just good to see their different focus, geolocation, QOS, geofencing, all of those were amazing use cases and we'd love to dig in."
    },
    {
      "metadata": {
        "speaker": "Charlotte Kan",
        "company": "TelecomTV",
        "start_timestamp": 99,
        "end_timestamp": 102,
        "subjects": [
          "api"
        ],
        "download": "clip/zZCNUasRVTo-96-105.mp4"
      },
      "text": "Fantastic. Robert, your key takeaways of the API session?"
    },
    {
      "metadata": {
        "speaker": "Robert Curran",
        "company": "Appledore Research",
        "start_timestamp": 102,
        "end_timestamp": 169,
        "subjects": [],
        "download": "clip/zZCNUasRVTo-99-172.mp4"
      },
      "text": "Yeah, key takeaways. So I'd echo the ecosystem part. That's kind of what we saw on stage today. De facto ecosystem all discussing the same topic. Think for me two key takeaways. The first is the confirmation. Everybody understands this is about money. At the end of the day, there's the whole value chain. We're looking as far up and as far down as we can to figure out the different areas of value. The second thing, which again is fundamental, which I think the industry the health industry is getting is this is all about developers. The developer as customers is a completely new idea for telco. And I think the references to some of the historical attempts to do work in this area I think is very important. It shows the industry can learn. It is prepared to look back at a little bit of history and say, actually you know what, we don't always get it right and when we don't, let's learn from it. But that point about this being developers as customers, which again, I think Ishwar from a s reinforced that he was the one guy on the stage who's got millions of developer customers. So that's a really important perspective. So that has to be in the room, it has to be at the table and that's who the telco industry is trying to reach to. That's really important. My takeaway,"
    },
    {
      "metadata": {
        "speaker": "Charlotte Kan",
        "company": "TelecomTV",
        "start_timestamp": 169,
        "end_timestamp": 186,
        "subjects": [],
        "download": "clip/zZCNUasRVTo-166-189.mp4"
      },
      "text": "Robert, you've mentioned the money opportunity while in fact if Telcos opened their exposed their networks, the opportunity is valued at 34 billion US dollars. It's too good not to seize, isn't it?"
    },
    {
      "metadata": {
        "speaker": "Robert Curran",
        "company": "Appledore Research",
        "start_timestamp": 186,
        "end_timestamp": 226,
        "subjects": [
          "fronthaul"
        ],
        "download": "clip/zZCNUasRVTo-183-229.mp4"
      },
      "text": "There's certainly upside opportunity here. I think again, even on today's panel, you heard a range of responses to some of the numbers that are being banded around the people who are at the front line doing it saying, we're not so sure about that number, but we're still doing it anyway. I think this whole thing is to some extent an experiment. I think when we talk about exposing networks, there are ways in which that can sound like a risky thing to do. That's not really the point. The point is exposing some of the value that's held within the network as an asset. Sometimes that value is connectivity. That's what we've been talking about for network APIs for a long time. Sometimes the value isn't something else, it's in things like the location data or some other information that's mediated via the network but comes somewhere else."
    },
    {
      "metadata": {
        "speaker": "Robert Curran",
        "company": "Appledore Research",
        "start_timestamp": 226,
        "end_timestamp": 340,
        "subjects": [
          "bandwidth",
          "telemetry",
          "containerization"
        ],
        "download": "clip/zZCNUasRVTo-223-343.mp4"
      },
      "text": "Yeah, no, look, that was a constant echo since yesterday, right? It's how do we take the sector, the telecom sector and evolve it and go from a net reduction in stock value sector, which was addressed yesterday to one that's actually growing. And the fact is our modern life relies on telcos. It's a shame that we haven't been able to monetize the network. And coming from a bit of a more enterprise world myself, one of the things that's always been frustrating about telcos is the fact that network is so closed, the fact there are no APIs, there is no devolution of control of an application to the enterprise. So taking that aspect of it, some of what we're working on right now within my unit in IBM is how can we extract the policies of an application from its deployment? So looking at, and I'm going a little bit into the enterprise line, but looking at your Kubernetes deployment, Ansible deployment, other factors figuring out what are the policies, what is the bandwidth requirement, what are the latency requirements of an application?"
    },
    {
      "metadata": {
        "speaker": "Robert Curran",
        "company": "Appledore Research",
        "start_timestamp": 340,
        "end_timestamp": 404,
        "subjects": [
          "containerization"
        ],
        "download": "clip/zZCNUasRVTo-337-407.mp4"
      },
      "text": "And then we provision the enterprise network to support those. The application controls the network, but that stops at the edge. I cannot extend those policies into the telco. And with these APIs now that is now a possibility we can now begin to work with. And again, some of the work I'm working on right now would enable them very easily to set up these APIs and abstract the network from the independent of what the network behind the APIs. We can provide a consistent set of services to the enterprise that will enable them with confidence to start pushing some of the same use cases, quality of service latency requirements, and pay premium for that. An enterprise often would pay premium. I think someone mentioned pay premium, differentiated premium for undifferentiated services. So latency in bid fine and at the right time, at the right place, at the right quality, people will pay a lot of money and it's just sitting on the table right now monetized."
    },
    {
      "metadata": {
        "speaker": "Charlotte Kan",
        "company": "TelecomTV",
        "start_timestamp": 404,
        "end_timestamp": 485,
        "subjects": [
          "telemetry"
        ],
        "download": "clip/zZCNUasRVTo-401-488.mp4"
      },
      "text": "Right. Well, I mean I don't want to be, obviously what has been achieved by telecom, it's tremendous, right? Again, I mean I am in awe of what my phone can do every given day, but a lot of someone else mentioned that oftentimes product managers in telcos are tariff managers. And I think telcos are addicted to that business model. And I think it's time for them to look at what AWS is doing with the 200 services they have deployed on top of very commodity server and disgruntled as actually Ishwar mentioned, the telcos getting into the mindset of innovating and providing these additional services on top of the bids and latency that they provide over their pipes. That innovation jump and sort of taking the leap of faith in a way and it will let them get to that 34 billion pot of goat to the end of the rainbow. I mean, I'm a big believer,"
    },
    {
      "metadata": {
        "speaker": "Robert Curran",
        "company": "Appledore Research",
        "start_timestamp": 485,
        "end_timestamp": 557,
        "subjects": [
          "throughput",
          "telemetry",
          "containerization",
          "cloudification"
        ],
        "download": "clip/zZCNUasRVTo-482-560.mp4"
      },
      "text": "I think that point about experimentation is quite important. I think a lot of the technologies that we're seeing come through, obviously with cloud, other things, APIs, part of their end result is to make it much cheaper to experiment. And I think that's part of, again, that comment yesterday about of our product managers being just kind of bundle managers, something else, the next generation if you like, of telecom product managers will be and need to be much more creative and much more willing to get engaged in end customer problems and their context. Again, that was coming out in the panel a lot today. We've got to understand the end use case because we're right at the bottom of this chain. And that's again, it's a change in position for telcos. Telcos are used to getting most of a large medium-sized pie. This new world at global scale hyperscale so on is all about getting a small piece of a much, much larger pie. And that's where Epic APIs really fit in. So that ability to get close to customers, understand their business context business problem, understand where developers play and what's your part in it, that's really key. But reducing that cost of experimentation, increasing the velocity, reduce the cost, learn fast and make products that we actually want to use."
    },
    {
      "metadata": {
        "speaker": "Charlotte Kan",
        "company": "TelecomTV",
        "start_timestamp": 557,
        "end_timestamp": 591,
        "subjects": [],
        "download": "clip/zZCNUasRVTo-554-594.mp4"
      },
      "text": "Yeah, we're going to take a short break, just five minutes and we are going to be back to discuss the session on APIs and maybe all the sessions you've attended yesterday that you want to share your feedback on. So stay tuned. We are back in five minutes live from with for the DSP leaders World Forum."
    },
    {
      "metadata": {
        "speaker": "Charlotte Kan",
        "company": "TelecomTV",
        "start_timestamp": 591,
        "end_timestamp": 735,
        "subjects": [],
        "download": "clip/zZCNUasRVTo-588-738.mp4"
      },
      "text": "No, no, collaboration is great because as quite a few people on the stage mentioned, every country has multiple telcos. So developers engaging with these new APIs would have to, if every telco does their own thing, well every application would have to have massive amounts of work to support the different services from each telco. And that's obviously not sustainable, not something that the developer community would easily buy into. Now at the same time, the GSMA forum has done amazing things, creating standardization, which now the telcos need to adopt. It's on them a little bit and I think that as the initial use cases grow and some initial success comes in, that will be an easier and easier sell inside the company. Now I think the telcos also short sell themselves because they aren't that many telcos in each country. From the US there is essentially three, right? I mean there is more, but really three. And in every other region it's more or less the same. So I think telcos a bit more power than they giving us US credit for, especially with the power of the services they can offer. But nonetheless, I would definitely encourage the whole industry to focus on collaboration. I think that is immensely important. It can stupid differentiation, but as long as we have a standardized way to access those services that would make the developer community much more willing to engage."
    },
    {
      "metadata": {
        "speaker": "Charlotte Kan",
        "company": "TelecomTV",
        "start_timestamp": 735,
        "end_timestamp": 736,
        "subjects": [],
        "download": "clip/zZCNUasRVTo-732-739.mp4"
      },
      "text": "Love"
    },
    {
      "metadata": {
        "speaker": "Robert Curran",
        "company": "Appledore Research",
        "start_timestamp": 736,
        "end_timestamp": 823,
        "subjects": [
          "disaggregation",
          "ran"
        ],
        "download": "clip/zZCNUasRVTo-733-826.mp4"
      },
      "text": "It. Yeah, we're just publishing some research on ecosystems in open ran for example. And what's happening there is we're seeing the formation of more or less stable ecosystems. So not just the idea of disaggregating and abstracting from a technical perspective, but understanding how do you reassemble things back together again. We're certainly seeing increasing examples of real collaboration company to company operator to hyperscaler to network equipment vendor to ISV forming in the industry to do what works. And I think that it's part of the byproduct of desegregation and openness is you say, well actually we're going to be a specialist in our own area. And so when you look at what's happening, for example in the silicon market, that's becoming a more complex market. So now telcos are having to think, well, what's our silicon strategy going to be? Rather than just handing that out and making that somebody else's problem. So that means you've got to get in deep in your collaboration to understand who are you working with, what is their expertise? And also as a telco, what's your business and what are you expert in and what are you not expert in? We're seeing some shifting of the tectonic plates, I think, around what telcos and even what their suppliers believe they're best equipped to solve. It's really interesting. Collaboration is absolutely integral to that."
    },
    {
      "metadata": {
        "speaker": "Charlotte Kan",
        "company": "TelecomTV",
        "start_timestamp": 823,
        "end_timestamp": 836,
        "subjects": [],
        "download": "clip/zZCNUasRVTo-820-839.mp4"
      },
      "text": "And what do you make of the various industry wide initiatives in place in order to open up networks? I'm thinking of the GSMA open gateway for instance. Surely that's the step in the right direction."
    },
    {
      "metadata": {
        "speaker": "Robert Curran",
        "company": "Appledore Research",
        "start_timestamp": 836,
        "end_timestamp": 946,
        "subjects": [],
        "download": "clip/zZCNUasRVTo-833-949.mp4"
      },
      "text": "From my perspective. It's one of those things that, as Robert said earlier, experimentation is such a big important part of this and open gateway, other similar products, foster experimentation by making that initial investment easier. And as long as that is not something that would take a lot of upfront resources, can show some return of the investment, that can then foster repeated investment. And obviously every telcos look at projects at scale, and that's always the fact. So I think in this case, allowing them to look at some of these services and see that initial success would justify the further investment."
    },
    {
      "metadata": {
        "speaker": "Charlotte Kan",
        "company": "TelecomTV",
        "start_timestamp": 946,
        "end_timestamp": 1014,
        "subjects": [
          "containerization"
        ],
        "download": "clip/zZCNUasRVTo-943-1017.mp4"
      },
      "text": "I think Robert made a great point with the success of hyperscalers. It's undeniable. And to what I said earlier, in many ways they have shown that yes, you can sell a fairly commodity service as long as you make it frictionless to developers. It's okay to give up some control. Now, telcos have challenges around regulation and other things that hyperscalers may not necessarily be facing, and we should be cognizant of that and not be that hard on telcos because they do have governments in other things that Amazon, Azure, et cetera don't necessarily have to deal with. But nonetheless, I think this has proven that adding a good set of new services in a rapid cadence with an engaged community can be extremely lucrative and maybe 34 is actually a low number."
    },
    {
      "metadata": {
        "speaker": "Robert Curran",
        "company": "Appledore Research",
        "start_timestamp": 1014,
        "end_timestamp": 1088,
        "subjects": [
          "backhaul"
        ],
        "download": "clip/zZCNUasRVTo-1011-1091.mp4"
      },
      "text": "I think what's also changing the macro trend I the connectedness of things, I don't want to get all iot about the whole thing, but the reality is that more and more things are being connected and we're getting more used to it and we're becoming more expectant of it. Your watch, your trainers, your car, anything that's moving around your Amazon package or any other delivery company that you can track where it is and it stops away or whatever. I mean, that's just part of our rising expectation for knowing exactly what's going on, whether it's a person that's connected or a device that's connected or it's a prediction or it's a measure in time. I think that's part of a background thing and I think we underestimate just how far we've come even the last few years. So I think that's adding to the accelerating expectation for the kind of things that can be done with APIs and the role of telcos in that process. So I wouldn't want to underestimate that. It seems so intuitive now because we're used to it all the time, but it's happening just gradually increasing, gradually rising. We take it for granted."
    },
    {
      "metadata": {
        "speaker": "Charlotte Kan",
        "company": "TelecomTV",
        "start_timestamp": 1088,
        "end_timestamp": 1154,
        "subjects": [
          "containerization"
        ],
        "download": "clip/zZCNUasRVTo-1085-1157.mp4"
      },
      "text": "You know what, the one thing that I did not expect to hear as much about was honestly the green energy transition impact on telcos. The zero bit zero watts message I heard yesterday, honestly left me a little stunned in my chair. I did not expect to hear that, and I certainly didn't expect to hear telcos taking it quite so seriously. This definitely going to affect the way I think about how in my own work we're going to be helping telcos provide visibility into this and then also provide control such that they would make the network even more responsive to its load and whether it it's hvac, whether it's power consumption or power mix. So that is something that I did not expect to hear and certainly I was happy to hear."
    },
    {
      "metadata": {
        "speaker": "Robert Curran",
        "company": "Appledore Research",
        "start_timestamp": 1154,
        "end_timestamp": 1215,
        "subjects": [
          "automation"
        ],
        "download": "clip/zZCNUasRVTo-1151-1218.mp4"
      },
      "text": "Yeah, this is such an interesting event because you talk about lots of different topics that come up. We've been from Silicon and GPUs right up to leadership and recruitment and retention. I think that's part of what makes this event so interesting and so different is you're going to get all of that range. I think something that I take away is that telcos are maybe even a little less further forward than we normally hear. We're used to hearing at the big set piece events, the NWC and so on. How great we're doing, I think is a little more honesty here, that there's so much more still to go in terms of automation, ai, autonomy, energy efficiency. We really are just at the start of this. What we do know is that we pretty much got the tool sets. We pretty much have the capability now. We have to put it together and we have to fix some of the underlying data issues and complexities that are there. So we know the direction we're headed in. We kind of got the kit. We just need to take the first steps along the path."
    },
    {
      "metadata": {
        "speaker": "Charlotte Kan",
        "company": "TelecomTV",
        "start_timestamp": 1215,
        "end_timestamp": 0,
        "subjects": [
          "telemetry",
          "containerization"
        ],
        "download": "clip/zZCNUasRVTo-1212-1289.29.mp4"
      },
      "text": "So more visibility and now we need the delivery to happen. Indeed. Well, many thanks to both of you for an equally rich discussion and conversation compared to the panels we've had here at the forum. Many thanks to you S and Robert and stay tuned. We'll be back in around arms time for more discussions and feedback on some of the sessions happening here in Windsor and the DSP Leaders World Forum. And just a few more notes before we go. You can catch up actually with all the content produced here. It's all available for you on demand on the telecom TV website. You can also take part in some of our surveys. And finally, you can send in your questions. You can participate remotely. So please do send your questions for our leaders here in Windsor. Stay tuned back in an nice time for more extra shots with me. Charlotte KanPlease note that video transcripts are provided for reference only – content may vary from the published video or contain inaccuracies."
    }
  ]
}