{
  "metadata": {
    "title": "Enabling safer innovation: A security-first, AI-powered approach | TelecomTV",
    "date": "Mar 19, 2024",
    "youtube_id": "4VGDw93x50w"
  },
  "transcript": [
    {
      "metadata": {
        "speaker": "Clarence Reynolds",
        "company": "TelecomTV",
        "start_timestamp": 6,
        "end_timestamp": 23,
        "subjects": [],
        "download": "clip/4VGDw93x50w-3-26.mp4"
      },
      "text": "In today's rapidly evolving digital landscape, ensuring the safety and reliability of the network is paramount. Joining me to talk about this topic and more is Scott Calzia, vice President of Marketing at HPE Aruba Networking. Scott, thank you for being with us today."
    },
    {
      "metadata": {
        "speaker": "Scott Calzia",
        "company": "HPE Aruba Networking Marketing",
        "start_timestamp": 23,
        "end_timestamp": 24,
        "subjects": [],
        "download": "clip/4VGDw93x50w-20-27.mp4"
      },
      "text": "Thank you, Clarence. Pleasure to be here."
    },
    {
      "metadata": {
        "speaker": "Clarence Reynolds",
        "company": "TelecomTV",
        "start_timestamp": 24,
        "end_timestamp": 30,
        "subjects": [],
        "download": "clip/4VGDw93x50w-21-33.mp4"
      },
      "text": "So what are some of the biggest secure connectivity challenges facing telcos and their partners today?"
    },
    {
      "metadata": {
        "speaker": "Scott Calzia",
        "company": "HPE Aruba Networking Marketing",
        "start_timestamp": 30,
        "end_timestamp": 148,
        "subjects": [],
        "download": "clip/4VGDw93x50w-27-151.mp4"
      },
      "text": "So how does having a security first AI powered network help telcos really serve their customers"
    },
    {
      "metadata": {
        "speaker": "Scott Calzia",
        "company": "HPE Aruba Networking Marketing",
        "start_timestamp": 148,
        "end_timestamp": 230,
        "subjects": [
          "throughput",
          "automation",
          "telemetry",
          "cloudification"
        ],
        "download": "clip/4VGDw93x50w-145-233.mp4"
      },
      "text": "Well, so there's four things that they really have to consider. One is visibility of that. They're getting security information from a lot of different sources. So part of what h HP Aruba Networking does is we collect telemetry information, security telemetry information from not only the networking devices, but also the devices or the end user devices that are connected to the wired infrastructure, the wireless infrastructure, the wide area infrastructure, the users that are using them. And so we have a single source of truth coming from all of those different users and all those different devices. Now, with that, we can define a single global security policy, and from there we can enforce that security policy across what we call the edge to cloud. So it doesn't matter whether that security policy has to be enforced for users that are connecting to the wireless infrastructure or if they're connecting into the wired, or if it's data that is flowing through the data center network. That's all part of the same policy. Now, with that, in order to be very efficient and to reduce the amount of time, you have to have some type of automation that goes with that. So that's where kind of, again, coming full circle AI comes back into play. With that, those advanced techniques, we can actually recognize various types of security breaches or be proactive about those and protect the network and the infrastructure as well as the users and devices from those in advance."
    },
    {
      "metadata": {
        "speaker": "Clarence Reynolds",
        "company": "TelecomTV",
        "start_timestamp": 230,
        "end_timestamp": 234,
        "subjects": [],
        "download": "clip/4VGDw93x50w-227-237.mp4"
      },
      "text": "So what are some of the innovations that Aruba is showcasing here at MWC?"
    },
    {
      "metadata": {
        "speaker": "Scott Calzia",
        "company": "HPE Aruba Networking Marketing",
        "start_timestamp": 234,
        "end_timestamp": 363,
        "subjects": [],
        "download": "clip/4VGDw93x50w-231-366.mp4"
      },
      "text": "How should a telco go about using a Zero trust architecture to help keep their customers secure?"
    },
    {
      "metadata": {
        "speaker": "Scott Calzia",
        "company": "HPE Aruba Networking Marketing",
        "start_timestamp": 363,
        "end_timestamp": 427,
        "subjects": [
          "containerization"
        ],
        "download": "clip/4VGDw93x50w-360-430.mp4"
      },
      "text": "So we didn't talk much about Zero Trust, but zero trust is really a paradigm. That is kind of the goal that all security teams are striving for, ensuring that any users or devices will allow them to connect, but we're not going to trust them initially. They actually have to log in with the right credentials. IOT devices. That's what the client insights becomes important. Again, because they may not have the credentials to log in, you've got to understand the type of device that it is. Is it following the right parameters? Zero trust is a paradigm. It's not a product, and it has to be continually looked at, updated and modeled. So what telcos and customers should do, they have to make sure that they are implementing, that they're implemented across all parts of their infrastructure, whether it be the campus, whether it be the branch, whether it be the data center environment, and they have to make sure that they're working with or they have to make sure that the networking and the security people are working closely together to ensure that they're coupling that so that we're maintaining connectivity for the best user experience. But we're following that paradigm of zero trust and ensuring that we're not trusting until verify."
    },
    {
      "metadata": {
        "speaker": "Clarence Reynolds",
        "company": "TelecomTV",
        "start_timestamp": 427,
        "end_timestamp": 429,
        "subjects": [],
        "download": "clip/4VGDw93x50w-424-432.mp4"
      },
      "text": "Scott, it's great information. Thank you for being with me today."
    },
    {
      "metadata": {
        "speaker": "Scott Calzia",
        "company": "HPE Aruba Networking Marketing",
        "start_timestamp": 429,
        "end_timestamp": 0,
        "subjects": [
          "containerization"
        ],
        "download": "clip/4VGDw93x50w-426-439.81.mp4"
      },
      "text": "Thank you, Clarence. I've enjoyed it. Take care.Please note that video transcripts are provided for reference only – content may vary from the published video or contain inaccuracies."
    }
  ]
}