{
  "metadata": {
    "title": "Enabling the CPaaS 4.0 era with AI and programmable networks | TelecomTV",
    "date": "Mar 19, 2024",
    "youtube_id": "_rpz8OeO0dU"
  },
  "transcript": [
    {
      "metadata": {
        "speaker": "Ashish Jain",
        "company": "Radisys",
        "start_timestamp": 8,
        "end_timestamp": 78,
        "subjects": [
          "telemetry",
          "cloudification"
        ],
        "download": "clip/_rpz8OeO0dU-5-81.mp4"
      },
      "text": "Hello everyone. Thanks for joining us today at the Radisys booth for a very exciting conversation on the evolution of programmable communications and the new era of connected experiences enabled by AI and programmable 5G networks. My name is Ashish Jain and I'm joined by four very esteemed industry influencers and experts in the communication industry. Al Balasco, SVP of Media Applications at Radisys; Adnan Saleem, CTO of Software and Cloud Solutions at Radisys; Raul from S&P Global, and Kevin Nethercott from CPaas Acceleration Alliance. Thanks for joining me today. So let's kick things off. The communication industry has evolved quite a bit in the last 10 years, and it seems we are at the cusp of pivotal breakthrough into new experiences enabled by maturing technologies like ai, programmable networks and others. The question really is, are we at the pivotal breakthrough and how are telecom operators adjusting to this evolution to leapfrog in this new era? Al, to start from you."
    },
    {
      "metadata": {
        "speaker": "Al Balasco",
        "company": "Radisys",
        "start_timestamp": 78,
        "end_timestamp": 206,
        "subjects": [],
        "download": "clip/_rpz8OeO0dU-75-209.mp4"
      },
      "text": "I think. Absolutely. I'll go to Raul quickly. You've been tracking this industry for many years, for 15 plus years, and on this one and Al talked about the mindset, the shift in the mindset. Can you elaborate on that a bit more in terms of what is that mindset shift that you have seen over the years and why do we think that the operators have the opportunity and the mindset to actually leapfrog in this evolution?"
    },
    {
      "metadata": {
        "speaker": "Raúl Castañón",
        "company": "S&P Global Market Intelligence",
        "start_timestamp": 206,
        "end_timestamp": 309,
        "subjects": [
          "cloudification"
        ],
        "download": "clip/_rpz8OeO0dU-203-312.mp4"
      },
      "text": "Yeah, I actually think I like very much the way you articulated, there's a significant opportunity for operators. I have been following the CS and digitization of communications for about a decade, and when this started, the main topics were based on how cloud communications vendors were enabling access to the mobile network operators to deliver services. And in that sense, that's an opportunity that telcos were not fully capitalizing on. The talk has been since the industry was turning digital, so for about 15 years, mainly at the application level. What I find very interesting now, and I do think it's a significant milestone that we're about to see, is we're now talking about services that are delivered based on not just the application level but also the network level. So if you look at it from that perspective, first of all they're complimentary, so we should be able to see enhancements, significant enhancements to the user experience. More importantly, since we're talking about the network level, frankly that's the territory for the telcos. So they should be excited, they should be looking at it, and I do think it's definitely an opportunity for them to leapfrog and go past all their direct competition."
    },
    {
      "metadata": {
        "speaker": "Ashish Jain",
        "company": "Radisys",
        "start_timestamp": 309,
        "end_timestamp": 333,
        "subjects": [],
        "download": "clip/_rpz8OeO0dU-306-336.mp4"
      },
      "text": "So, programmability of communication, especially voice video messaging has been there for past what decade or so, even more than that, and the operator community hasn't really embraced to the level we all expected. What is different this time and where are the barriers and how the industry and technology providers like yourself changing that? You want to start with that?"
    },
    {
      "metadata": {
        "speaker": "Kevin Nethercott",
        "company": "CPaaS Acceleration Alliance",
        "start_timestamp": 333,
        "end_timestamp": 405,
        "subjects": [
          "containerization"
        ],
        "download": "clip/_rpz8OeO0dU-330-408.mp4"
      },
      "text": "Sure. So I think one of the biggest differences is that we're at a point now where we have an ecosystem. If you think about the players, particularly the larger CFAs players, they've built everything from the network up. They contracted with the network providers to get their SMS or voice services, but then they created the platform on top of that and then taken that all the way to the enterprise. I think what's now is we have access, as Raul was saying now with telco APIs so that you can have a carrier that can expose at that level. You then have aggregators that can take those services and then you have other Cpaas players or I think even more vertical oriented applications that can take advantage of those platforms and take it to market. So that's why we're excited at the Cpaas Acceleration Alliance is because we have this growing community, this growing ecosystem where the opportunity is so large that and it's happening so quickly that you really have to partner to get to market in a meaningful way. And so I think that's what's really changed, I'd say over the last even 18 to 24 months. That's a game changer for the industry."
    },
    {
      "metadata": {
        "speaker": "Ashish Jain",
        "company": "Radisys",
        "start_timestamp": 405,
        "end_timestamp": 430,
        "subjects": [],
        "download": "clip/_rpz8OeO0dU-402-433.mp4"
      },
      "text": "Yeah, there's been quite a bit of excitement regarding the open gateway initiative and initiatives like kamara, APIs, Adnan, you want to talk about that? You're chairing the work group around this and what excites you about this and how do you think the communication aspect of the programmability and the network access to the programmability, the convergence of that, what new possibilities do you see and where do you see the operators that are already excited and adopting and launching services around that?"
    },
    {
      "metadata": {
        "speaker": "Adnan Saleem",
        "company": "Radisys",
        "start_timestamp": 430,
        "end_timestamp": 559,
        "subjects": [],
        "download": "clip/_rpz8OeO0dU-427-562.mp4"
      },
      "text": "Can you share some examples of how Radisys is bringing that to market and kind of applications you're enabling with that? Yeah,"
    },
    {
      "metadata": {
        "speaker": "Adnan Saleem",
        "company": "Radisys",
        "start_timestamp": 559,
        "end_timestamp": 625,
        "subjects": [
          "api",
          "telemetry",
          "containerization"
        ],
        "download": "clip/_rpz8OeO0dU-556-628.mp4"
      },
      "text": "Sure. I think the three areas that I just mentioned, so I generated AI in terms of conversational intelligence based on generative AI technology and built into the platform. So a designer who's writing an application does not need to be a data scientist. We don't necessarily need people to be data scientists or computer vision experts or architects and engineers at know telecom networks. You have to abstract all that complexity from them. Expose applications in a simplified STK and API matter in some cases, literally no code where you would drag and drop things. So the creativity, the imagination of the application to the developer should not be restricted or impaired by the complexity of the technology that they try to use. So that's what we are bringing in together in a nutshell, if I could put it that way. So computer vision, machine vision, conversational ai, generative ai, and the ability to be able to go and have access to programmable network so you could control the devices and the underlying network below you. Then the application developer can go and create very seemingly very complex application literally in a matter of days. And we have a bunch of them over here we've been demonstrating during MWC this week."
    },
    {
      "metadata": {
        "speaker": "Ashish Jain",
        "company": "Radisys",
        "start_timestamp": 625,
        "end_timestamp": 662,
        "subjects": [
          "telemetry"
        ],
        "download": "clip/_rpz8OeO0dU-622-665.mp4"
      },
      "text": "Great generative ai, you can't go wrong with that, right? I mean it's ai, it is on every booth and every conversation and it's maturing and it has been disruptive to a level that it has seen in an option of 500 million plus users using it within 30 days, which is unheard of unseen in any industry. How do you see generative AI playing a role in the telecom network beyond the operational efficiency that it brings in terms of managing the network, but in terms of enabling new experiences and communications? How do you see that playing a role? Al you want to start with that? Sure."
    },
    {
      "metadata": {
        "speaker": "Al Balasco",
        "company": "Radisys",
        "start_timestamp": 662,
        "end_timestamp": 764,
        "subjects": [],
        "download": "clip/_rpz8OeO0dU-659-767.mp4"
      },
      "text": "Maybe I'll give a couple of real world examples. We have a customer now who's deployed an application in Japan where the service provider is serving theme parks, and when guests enter the theme park, they're greeted with a video assistant essentially, and they interact with that video assistant via natural language interaction. But the additional layer, there's an additional layer which uses ai, which is a video persona. So in their case, they have characters from the park who can respond to questions, and those videos don't have to be prerecorded. They're generated based on AI and using the responses that are triggered by that conversation by the guest. As an example, another application, we have several customers who are rolling out some of this technology we're talking about as Adnan and the other speakers have talked about is it's been available for some time, even generative AI in past couple of years has been evolving and has been accessible to companies with big pockets. What we are providing is the opportunity for telcos to offer their business customer small businesses and mid-size businesses, even sole proprietorships access to this technology that was prohibitively expensive and also very complex for them to use. So today, what we can say a service provider serving that type of customer with our solution can and say as you're using us for connectivity, we can provide you a tool that you can"
    },
    {
      "metadata": {
        "speaker": "Raúl Castañón",
        "company": "S&P Global Market Intelligence",
        "start_timestamp": 764,
        "end_timestamp": 765,
        "subjects": [],
        "download": "clip/_rpz8OeO0dU-761-768.mp4"
      },
      "text": "Input"
    },
    {
      "metadata": {
        "speaker": "Al Balasco",
        "company": "Radisys",
        "start_timestamp": 765,
        "end_timestamp": 795,
        "subjects": [
          "containerization"
        ],
        "download": "clip/_rpz8OeO0dU-762-798.mp4"
      },
      "text": "Your own content, scrape information from your website documents where your customers can call, get information that's very specific to you. This can even reside in the service provider's network, so it's private and it's higher performance. So these are a couple of very practical and interesting applications. One that last one from something that can scale in the market and is repeatable and that first one, one that's very tailored but provides kind of an immersive experience that creates stickiness for the business' customers. So"
    },
    {
      "metadata": {
        "speaker": "Ashish Jain",
        "company": "Radisys",
        "start_timestamp": 795,
        "end_timestamp": 798,
        "subjects": [],
        "download": "clip/_rpz8OeO0dU-792-801.mp4"
      },
      "text": "What do we call it? Conversational AI on the fly."
    },
    {
      "metadata": {
        "speaker": "Al Balasco",
        "company": "Radisys",
        "start_timestamp": 798,
        "end_timestamp": 799,
        "subjects": [],
        "download": "clip/_rpz8OeO0dU-795-802.mp4"
      },
      "text": "That's a good one."
    },
    {
      "metadata": {
        "speaker": "Ashish Jain",
        "company": "Radisys",
        "start_timestamp": 799,
        "end_timestamp": 833,
        "subjects": [],
        "download": "clip/_rpz8OeO0dU-796-836.mp4"
      },
      "text": "So Raul and Kevin would love to hear your perspective on that as well, and not just from a technology perspective because technology find its way somehow in the network, but monetization and business models also becomes a block for many technology to come to market. How are you seeing operators rethinking their business models not aligning with the typical way of them serving the voice and data services? So how do you see the business model changing in bringing these new set of services and AI enabled applications to the market?"
    },
    {
      "metadata": {
        "speaker": "Raúl Castañón",
        "company": "S&P Global Market Intelligence",
        "start_timestamp": 833,
        "end_timestamp": 986,
        "subjects": [
          "throughput"
        ],
        "download": "clip/_rpz8OeO0dU-830-989.mp4"
      },
      "text": "Kevin, you talk to a lot of operators and one of the charters of Cpaas Acceleration Alliance is to really help them take the next step and guide them through this journey. Where do you see they're struggling in that shift and coming up with business models and what kind of business models align with what they're trying to do?"
    },
    {
      "metadata": {
        "speaker": "Kevin Nethercott",
        "company": "CPaaS Acceleration Alliance",
        "start_timestamp": 986,
        "end_timestamp": 1188,
        "subjects": [
          "telemetry"
        ],
        "download": "clip/_rpz8OeO0dU-983-1191.mp4"
      },
      "text": "No, I think whether you're spot on that, and I'm seeing that and it's quite refreshing to see both Telefonica and Vodafone talk about that very topic, right? It is about collaboration, it's not about going alone in this and they are opening doors to the technology providers to partner with them and create these solutions. So what does that mean for Radisys? I mean, does that open doors for radisys to play a bigger, more strategic role with operators versus just a technology provider and enabling and creating those applications with them?"
    },
    {
      "metadata": {
        "speaker": "Al Balasco",
        "company": "Radisys",
        "start_timestamp": 1188,
        "end_timestamp": 1390,
        "subjects": [],
        "download": "clip/_rpz8OeO0dU-1185-1393.mp4"
      },
      "text": "Absolutely. I think that's absolutely critical for any technology to adopt. And this is even more because this is a new domain for many talking about new domain value. You mentioned about data channels, and I'll come to you Annan for this one, there is a long desired from operators to converge the voice and data. Voice is still their application towards brought both voice and data into the network, but the real experience of converting voice and data hasn't really been seen and that's where the over the top providers have been really benefiting from using that data channels. And there is an emerging technology which brings that together web IMS data channel. Can you elaborate on that and what does that mean for the industry on an impact that operators will have in bringing these, so-called internet 3.0 services to the market, and what kind of applications are you bringing to market and what are the possibilities?"
    },
    {
      "metadata": {
        "speaker": "Adnan Saleem",
        "company": "Radisys",
        "start_timestamp": 1390,
        "end_timestamp": 1462,
        "subjects": [
          "ran",
          "telemetry"
        ],
        "download": "clip/_rpz8OeO0dU-1387-1465.mp4"
      },
      "text": "Yeah, it's actually a good question. I think it's over the last few days when we actually started demonstrating some end-to-end use cases that are built on the concepts of IMS data channel and even prior to the IMS data channel being available in the IMS core network, how that can be delivered today. The interesting thing was a lot of people made the same comment. They said, well, that's IMS what, 15 years ago? What does IMS stand for? IP multimedia system, not an audio only system, multimedia system. So it took this long for the industry to get to the point that it truly becomes multimedia. If you've always had audio, of course on occasion it may be a video call, but there was never that third leg of communication. I think probably the most important one in addition to audio, to have that full interactive immersive experience while you're in any kind of a conversational, whether it's point to point or multi-party calls. So that really does I think finally fulfill the promise of IMS, which was really the idea of I-M-S-I-M-S core networks. So it is pretty interesting and exciting and I think that really, I think as you said, that finally brings the web world into the traditional telecom world because just relying on audio only is not only kind of run this course."
    },
    {
      "metadata": {
        "speaker": "Ashish Jain",
        "company": "Radisys",
        "start_timestamp": 1462,
        "end_timestamp": 1465,
        "subjects": [],
        "download": "clip/_rpz8OeO0dU-1459-1468.mp4"
      },
      "text": "Any thoughts on that?"
    },
    {
      "metadata": {
        "speaker": "Raúl Castañón",
        "company": "S&P Global Market Intelligence",
        "start_timestamp": 1465,
        "end_timestamp": 1566,
        "subjects": [
          "api",
          "containerization"
        ],
        "download": "clip/_rpz8OeO0dU-1462-1569.mp4"
      },
      "text": "Yeah, I think that's actually a great example of bringing those capabilities at the API level and the network level to deliver these innovative services, and that's the opportunity for monetization. I actually think that the combination can be very powerful because if you look at all the digitization that took place over the last 15 years, most of it has been applications over the top. And that's a way to kind of go around. The operators still benefiting from their infrastructure and their services, but if you follow the money, it's not going to the operators. So delivering these services I think is a game changer and it could really enable operators to reposition within the value chain. Actually, if you think about the contrast between an over the top service compared to a service that is leveraged in both the network capabilities and the programmability, it's more powerful, it's more reliable, there's opportunities for security control. So there are many advantages to that. So if you take a step back and just look at the whole contrast in both options, one might ask, well, why would you do over the top instead of using the network capabilities?"
    },
    {
      "metadata": {
        "speaker": "Ashish Jain",
        "company": "Radisys",
        "start_timestamp": 1566,
        "end_timestamp": 1575,
        "subjects": [],
        "download": "clip/_rpz8OeO0dU-1563-1578.mp4"
      },
      "text": "This has been tried before. I mean arguably RCS was an attempt to do that and it hasn't been as widely said, what's different this time?"
    },
    {
      "metadata": {
        "speaker": "Raúl Castañón",
        "company": "S&P Global Market Intelligence",
        "start_timestamp": 1575,
        "end_timestamp": 1731,
        "subjects": [
          "telemetry"
        ],
        "download": "clip/_rpz8OeO0dU-1572-1734.mp4"
      },
      "text": "So I'm going to process this. Did you just say that the telecom industry is moving faster than the analyst can predict?"
    },
    {
      "metadata": {
        "speaker": "Raúl Castañón",
        "company": "S&P Global Market Intelligence",
        "start_timestamp": 1731,
        "end_timestamp": 1747,
        "subjects": [],
        "download": "clip/_rpz8OeO0dU-1728-1750.mp4"
      },
      "text": "Well, as you can expect, we have to rely on a lot of data and we tend to be conservative. But yeah, it took us by surprise and that's a good thing."
    },
    {
      "metadata": {
        "speaker": "Ashish Jain",
        "company": "Radisys",
        "start_timestamp": 1747,
        "end_timestamp": 1792,
        "subjects": [],
        "download": "clip/_rpz8OeO0dU-1744-1795.mp4"
      },
      "text": "It is surprising a lot of us, I mean I was very pleasantly surprised to hear the kind of applications, the mindset, the integration and the collaboration the operators are talking about. I mean honestly, I was hoping I was probably expecting a lot more six G and Spectrum conversations and it has been all about vertical applications, which is so refreshing for this industry to see how the connectivity and the applications are coming together. Talking about that, let's shift a gear a little bit. Inclusivity and accessibility is big on the agenda for many operators. What are you seeing how operators are handing that and kind of applications they're coming out and what data is doing in?"
    },
    {
      "metadata": {
        "speaker": "Al Balasco",
        "company": "Radisys",
        "start_timestamp": 1792,
        "end_timestamp": 2063,
        "subjects": [
          "throughput"
        ],
        "download": "clip/_rpz8OeO0dU-1789-2066.mp4"
      },
      "text": "I think you're very right on that. The way I look at it is voice is still the king. We still talk call and there are 4.3 trillion calls that happen every day. And what this brings to table is making voice the new omnichannel platform to enable new digital services and engage clarity for hearing loss is a great example. I mean there is an unserved community out there that have been ignored and through I expected that they will utilize the hearing aids and other things which they don't. And this solution is really interesting. I would love to take a perspective from Raul and Kevin in a minute on Adam, looking up from outside in here, what do you think of this and how are you seeing the operator feedback throughout in the AT MWC"
    },
    {
      "metadata": {
        "speaker": "Al Balasco",
        "company": "Radisys",
        "start_timestamp": 2063,
        "end_timestamp": 2093,
        "subjects": [
          "throughput"
        ],
        "download": "clip/_rpz8OeO0dU-2060-2096.mp4"
      },
      "text": "On that? Two things. One, to an operator, there's interest in this application and it fits into whether it's accessibility initiatives or empowering society initiatives. The other interesting thing, anecdote that for me is when people come through here, they say, not only is this interesting for me as a business, but I'd pay for this for my parents, for my grandparents. So it really can be a life-changing application."
    },
    {
      "metadata": {
        "speaker": "Kevin Nethercott",
        "company": "CPaaS Acceleration Alliance",
        "start_timestamp": 2093,
        "end_timestamp": 2164,
        "subjects": [],
        "download": "clip/_rpz8OeO0dU-2090-2167.mp4"
      },
      "text": "Well, I think this ties back to what we were talking about a little bit earlier where technology has improved to a point where it's enabling so many options. And with the APIs that we've been talking about, the developers that are out there, there's so many new things that we can do. And taking that technology now and being able to deliver it in an impactful way to a certain sector, the population that can really use it, it just makes sense. And I think we're going to see more and more of this. Right now we're looking at a lot of horizontal type use cases that are here, but as we look at the next three years, we're going to see this technology really hit the verticals. And so as healthcare adapts this more, you're going to see lots of really interesting use cases that will have similar impact on people's lives and how families can interact and all of those good things. So we applaud you on the progress here in this type of initiative, but I think it's just the beginning of what we'll see from a lot of organizations as we leverage technology in an impactful way for the human race."
    },
    {
      "metadata": {
        "speaker": "Ashish Jain",
        "company": "Radisys",
        "start_timestamp": 2164,
        "end_timestamp": 2166,
        "subjects": [],
        "download": "clip/_rpz8OeO0dU-2161-2169.mp4"
      },
      "text": "You want to add anything to that?"
    },
    {
      "metadata": {
        "speaker": "Raúl Castañón",
        "company": "S&P Global Market Intelligence",
        "start_timestamp": 2166,
        "end_timestamp": 2314,
        "subjects": [],
        "download": "clip/_rpz8OeO0dU-2163-2317.mp4"
      },
      "text": "It's great. I think we are coming towards an end here, and I'm going to ask this to everybody. If you can add your perspective to this, if you're sitting next year talking about a similar topic, what would be your killer application for next year? Good question. I think moving from these"
    },
    {
      "metadata": {
        "speaker": "Al Balasco",
        "company": "Radisys",
        "start_timestamp": 2314,
        "end_timestamp": 2368,
        "subjects": [],
        "download": "clip/_rpz8OeO0dU-2311-2371.mp4"
      },
      "text": "Solutions that at least I emphasized in terms of the scale of the opportunity and repeatability to these industry verticals, that industry 4.0 applications that leverage these technologies and the benefits of the network from service availability to security and fraud prevention that are tailored to specific industries that we can take a similar approach cookie cutter, but maybe 80% of the way there. And then provide the tools that allow those businesses or the application developers who are serving certain industries to bring new solutions to market that are tailored for those markets or for specific customers, like Adnan was saying, instead of having these solutions take months or even years, takes weeks or even days. So now move into those tailored application"
    },
    {
      "metadata": {
        "speaker": "Raúl Castañón",
        "company": "S&P Global Market Intelligence",
        "start_timestamp": 2368,
        "end_timestamp": 2369,
        "subjects": [],
        "download": "clip/_rpz8OeO0dU-2365-2372.mp4"
      },
      "text": "Adnan."
    },
    {
      "metadata": {
        "speaker": "Adnan Saleem",
        "company": "Radisys",
        "start_timestamp": 2369,
        "end_timestamp": 2440,
        "subjects": [],
        "download": "clip/_rpz8OeO0dU-2366-2443.mp4"
      },
      "text": "Yeah, thanks. So I think just along those lines, I don't think it's a one killer app or killer app. I don't think it that way. We are expecting that there would be many of them, dozens and dozens. And as time goes forward, there'll be many of them. You're not going to be able to go say, well, there's that one killer app. The thing is to have many killer apps, each one of them that is more usable and more easily deployable, that will create this plethora of applications that will have serve different segments of the industry or serve different verticals in the industry. And they'll be the killer apps within the domain that they're intended to be deployed in. So I think we should think of it not as individual killer apps, but bag a bag full of killer apps. It can be deployed, but the whole key point again is that user technology in a way leverage the thing in a way that you can deploy it quickly. You don't want to go and spend two years on an app and then find out, well, it was Muslim, really all that popular, we want to create it, deploy it in a month, get the user experience within that thing, and then go and transition and then deploy another one, get feedback from that one. So I think there'll be lots of them coming out. And the time to market is I think is a key thing there."
    },
    {
      "metadata": {
        "speaker": "Raúl Castañón",
        "company": "S&P Global Market Intelligence",
        "start_timestamp": 2440,
        "end_timestamp": 2477,
        "subjects": [],
        "download": "clip/_rpz8OeO0dU-2437-2480.mp4"
      },
      "text": "I think I'm thinking in terms of a category, if you will, and what I expect to hear much more from a year from now is trusted communications. So if we talk about the rise of digital channels and digital engagement, I think now we see the need for those interactions to be secure and that's going to be something that falls on the lap of companies, consumers, mobile network operators, regulators. So I do expect to see much more of that in a year. Kevin,"
    },
    {
      "metadata": {
        "speaker": "Kevin Nethercott",
        "company": "CPaaS Acceleration Alliance",
        "start_timestamp": 2477,
        "end_timestamp": 2530,
        "subjects": [],
        "download": "clip/_rpz8OeO0dU-2474-2533.mp4"
      },
      "text": "Let's just get rid of the term killer app. There's no such thing, there's no silver bullet. I mean, I look at my own life, I've been trying to get rich my whole life. There's no get rich quick scheme that's going to work. It takes hard work. And so when we keep looking for that killer app, that means we're not starting anything. The killer app is human nature inside of us. It's how hard we work, it's how we grind. That's the killer app. That's what drives success. Clearly we're going to have technology, we're going to have a lot of different use cases, but it's going to be the individuals, it's going to be the organizations, the way we work together as teams. What's going to create the success, the technology levels, the playing field. It's what we do with it now. That's going to be the actual result that we're looking for."
    },
    {
      "metadata": {
        "speaker": "Ashish Jain",
        "company": "Radisys",
        "start_timestamp": 2530,
        "end_timestamp": 2550,
        "subjects": [],
        "download": "clip/_rpz8OeO0dU-2527-2553.mp4"
      },
      "text": "No, I totally agree. I'm glad you said that. The reason I asked for K app is I was hoping somebody will say that, but can we agree on that, the mindset shift, the open programmability and collaboration, the combination of that is going to enable all sort of new possibilities that have been seen next to yet."
    },
    {
      "metadata": {
        "speaker": "Kevin Nethercott",
        "company": "CPaaS Acceleration Alliance",
        "start_timestamp": 2550,
        "end_timestamp": 2587,
        "subjects": [],
        "download": "clip/_rpz8OeO0dU-2547-2590.mp4"
      },
      "text": "Absolutely. So I think with this rollout of telco APIs particularly, we're resetting the game. So we've been playing one game for the last decade. I think there's an opportunity now for a lot of different players all along the stack to reorganize themselves. And so it comes back to how organized are you? What's your business plan? Who are your partners that's going to make the difference here on the success? So that's exciting for me about this show. It's not any single technology, but I think we've hit a point where there's new opportunity for so many new players and that's really what is most exciting."
    },
    {
      "metadata": {
        "speaker": "Ashish Jain",
        "company": "Radisys",
        "start_timestamp": 2587,
        "end_timestamp": 0,
        "subjects": [
          "containerization"
        ],
        "download": "clip/_rpz8OeO0dU-2584-2614.43.mp4"
      },
      "text": "We are very excited too. Thank you gentlemen for your time. This has been a great, great conversation and I wish you have a great rest of the show.<br><br>Thank you.<br><br>Alright.Please note that video transcripts are provided for reference only – content may vary from the published video or contain inaccuracies."
    }
  ]
}