{
  "metadata": {
    "title": "Vodafone UK’s Andrea Donà talks 5G SA, slicing, Open RAN | TelecomTV",
    "date": "Apr 19, 2024",
    "youtube_id": "Ovx7ebDZTJU"
  },
  "transcript": [
    {
      "metadata": {
        "speaker": "Ray Le Maistre",
        "company": "TelecomTV",
        "start_timestamp": 5,
        "end_timestamp": 14,
        "subjects": [],
        "download": "clip/Ovx7ebDZTJU-2-17.mp4"
      },
      "text": "So we're at FutureNet World in London. I'm here with Andrea Dona, he is Chief Network Officer at Vodafone UK. Andrea, thanks for joining us again today. Good to see you."
    },
    {
      "metadata": {
        "speaker": "Andrea Dona",
        "company": "Vodafone",
        "start_timestamp": 14,
        "end_timestamp": 16,
        "subjects": [],
        "download": "clip/Ovx7ebDZTJU-11-19.mp4"
      },
      "text": "Good to see you, Ray."
    },
    {
      "metadata": {
        "speaker": "Ray Le Maistre",
        "company": "TelecomTV",
        "start_timestamp": 16,
        "end_timestamp": 31,
        "subjects": [],
        "download": "clip/Ovx7ebDZTJU-13-34.mp4"
      },
      "text": "So could you just give us an update on where Vodafone UK is in terms of its 5G rollout, not only in terms of the capacity and the reach of it, but also in terms of where you are with 5G standalone."
    },
    {
      "metadata": {
        "speaker": "Andrea Dona",
        "company": "Vodafone",
        "start_timestamp": 31,
        "end_timestamp": 266,
        "subjects": [
          "slice/slicing"
        ],
        "download": "clip/Ovx7ebDZTJU-28-269.mp4"
      },
      "text": "Okay. So you mentioned a few things then just to clarify, the merger you referenced, that's the merger between Vodafone UK and free UK just for some of our international viewers. Now, slicing being talked about for years, for some people slicing was a bit of a red herring, but now we're starting to hear about actual UK use cases, but mostly in specific verticals. So broadcast appears to be a bit of a low hanging fruit for slicing. Is there going to be a use case do you think, for network slicing across lots of verticals and even in the consumer market?"
    },
    {
      "metadata": {
        "speaker": "Andrea Dona",
        "company": "Vodafone",
        "start_timestamp": 266,
        "end_timestamp": 459,
        "subjects": [],
        "download": "clip/Ovx7ebDZTJU-263-462.mp4"
      },
      "text": "Will the real power of this opportunity come to the fore? Let's assume Vodafone UK three UK come together. You've got greater reach, more spectrum, more capacity because if enterprises are going to use it and gamers are going to want to use it, they're going to be able to want to use it absolutely anywhere. Exactly."
    },
    {
      "metadata": {
        "speaker": "Andrea Dona",
        "company": "Vodafone",
        "start_timestamp": 459,
        "end_timestamp": 511,
        "subjects": [],
        "download": "clip/Ovx7ebDZTJU-456-514.mp4"
      },
      "text": "Ray, you're absolutely correct. The challenge I have today, the limitation of unlocking some of the enterprise revenue we talked about this morning is if I go to a logistics company and say I've got this great 5G SA capability I want to sell to you. I can't limit them using it only in the cities. They're a logistics company. Their trucks go to the outer Hebrides, for example. They go out to the Highlands and island. They need to have that capability today. I do not have the capital intensity to be able to invest the merger gives me the scale to do that. I will be able to deliver much more. We are planning to reinvest 11 billion of the synergies that arise from coming together as a company into the network in 10 years. Five of those ones 6 billion in the first five years. Right,"
    },
    {
      "metadata": {
        "speaker": "Ray Le Maistre",
        "company": "TelecomTV",
        "start_timestamp": 511,
        "end_timestamp": 512,
        "subjects": [],
        "download": "clip/Ovx7ebDZTJU-508-515.mp4"
      },
      "text": "Okay."
    },
    {
      "metadata": {
        "speaker": "Andrea Dona",
        "company": "Vodafone",
        "start_timestamp": 512,
        "end_timestamp": 514,
        "subjects": [],
        "download": "clip/Ovx7ebDZTJU-509-517.mp4"
      },
      "text": "Where would I get that money if I don't get the merger?"
    },
    {
      "metadata": {
        "speaker": "Ray Le Maistre",
        "company": "TelecomTV",
        "start_timestamp": 514,
        "end_timestamp": 544,
        "subjects": [
          "ran",
          "telemetry",
          "cloudification"
        ],
        "download": "clip/Ovx7ebDZTJU-511-547.mp4"
      },
      "text": "Okay, alright, strong message there for the CMA. Absolutely. So Vodafone UK as part of the Vodafone group is obviously part of this transition that's been talked about from telco, what telecom operators used to be to TechCo a more sort of cloud oriented organization. How's that going for Vodafone UK and what does that mean for the way you are building and running your networks?"
    },
    {
      "metadata": {
        "speaker": "Andrea Dona",
        "company": "Vodafone",
        "start_timestamp": 544,
        "end_timestamp": 639,
        "subjects": [],
        "download": "clip/Ovx7ebDZTJU-541-642.mp4"
      },
      "text": "So you are moving there but it's step by step sort of whatever makes sense in the immediate term."
    },
    {
      "metadata": {
        "speaker": "Andrea Dona",
        "company": "Vodafone",
        "start_timestamp": 639,
        "end_timestamp": 675,
        "subjects": [
          "fronthaul"
        ],
        "download": "clip/Ovx7ebDZTJU-636-678.mp4"
      },
      "text": "I think when we talk about telco to TechCom and beyond connectivity, I think we need to remind ourselves, and a couple of analysts and panelists talked about it this morning, must not forget, we're not forgetting connectivity, we're building on the connectivity. So we're going beyond that but not forgetting that we are the trusted partner on the connectivity front. We don't want to lose that. We want to build on that and go beyond that strong from our heritage of good connectivity providers."
    },
    {
      "metadata": {
        "speaker": "Ray Le Maistre",
        "company": "TelecomTV",
        "start_timestamp": 675,
        "end_timestamp": 700,
        "subjects": [
          "ran"
        ],
        "download": "clip/Ovx7ebDZTJU-672-703.mp4"
      },
      "text": "And part of the big thing about this transition is the kind of building new in-house capabilities, developing new skills. What has that meant in your team? Have you got more developers within the team you have and how much of that is impacting the way that you are able to build, run, and then expose that network?"
    },
    {
      "metadata": {
        "speaker": "Andrea Dona",
        "company": "Vodafone",
        "start_timestamp": 700,
        "end_timestamp": 769,
        "subjects": [],
        "download": "clip/Ovx7ebDZTJU-697-772.mp4"
      },
      "text": "We took a strategic decision that for certain things we need to be owners of our own destiny. We need to be the ones owning that competence because otherwise what are we? If you want to become a technology company, which we do, we need to start producing our technology now. We can't do that across the board. Partnership is important to augment, to enhance what we are trying to build internally, but we can't just give away our crown jewels. So we've done a process of insourcing of certain capabilities. So we're owners of our destinies. We're not subject to the fluctuations of the market. We can actually own it and we can also steer it in the direction we want. We are insourcing a lot of our development where it makes sense to do so and we're partnering where it makes sense to do so. You've heard me in the past Ray talk about it depends. It's a full spectrum of insourcing outsourcing depending on where we're not dogmatic in our choices. We are practical in our choices to ensure that we make the right choices."
    },
    {
      "metadata": {
        "speaker": "Ray Le Maistre",
        "company": "TelecomTV",
        "start_timestamp": 769,
        "end_timestamp": 800,
        "subjects": [
          "microservices",
          "cloudification"
        ],
        "download": "clip/Ovx7ebDZTJU-766-803.mp4"
      },
      "text": "So alongside that, of course you're developing your own cloud strategy and I'm not talking about offering cloud services, I'm talking about using the cloud as part of the platform that you are developing as a network operator. Can you just talk about that you have a relationship with Microsoft as part of this. How much are you building as a private cloud? How much are you building that with Microsoft? Are you using public cloud for some capabilities as well?"
    },
    {
      "metadata": {
        "speaker": "Andrea Dona",
        "company": "Vodafone",
        "start_timestamp": 800,
        "end_timestamp": 1008,
        "subjects": [
          "ran"
        ],
        "download": "clip/Ovx7ebDZTJU-797-1011.mp4"
      },
      "text": "And as part of this sort of evolution into a new platform that you can use, how does what you are doing in terms of your early open RAN moves play into that? Because this is a new kind of infrastructure, it's more IT based as that develops. Will that become part of a sort of broader IT capability that you'll be able to use in other ways as well? Not just for the ran?"
    },
    {
      "metadata": {
        "speaker": "Andrea Dona",
        "company": "Vodafone",
        "start_timestamp": 1008,
        "end_timestamp": 1151,
        "subjects": [
          "ran"
        ],
        "download": "clip/Ovx7ebDZTJU-1005-1154.mp4"
      },
      "text": "And just remind us where you are in terms of the open ran rollout. You've had the cluster down in the southwest of England where you've been almost proving what is possible, but what's happening in the rest of the voter?"
    },
    {
      "metadata": {
        "speaker": "Andrea Dona",
        "company": "Vodafone",
        "start_timestamp": 1151,
        "end_timestamp": 1210,
        "subjects": [
          "ran"
        ],
        "download": "clip/Ovx7ebDZTJU-1148-1213.mp4"
      },
      "text": "So we've passed the proof of concept. We've met the criteria to enter into mass deployment. So we've overcome that. It's ticked all the boxes, it's met the minimum criteria in terms of performance, the radio performance, et cetera. And now it's an option on the menu. So I can choose open ran in the same way as I can choose 5G in the same way as I can choose additional carriers on 4G. So when I do my capital allocation review on a yearly basis, I can decide, well how much ran do I need to do? How much 5G do I need to do? And it's only a factor of the money I've got. I'd love to do more open ran, but because of the return on investment I have and the fact that the cost of capital is greater than my return, I only have that amount of money to spend in over. If I had more, I would do more and I swap it out faster and bring more into the market."
    },
    {
      "metadata": {
        "speaker": "Ray Le Maistre",
        "company": "TelecomTV",
        "start_timestamp": 1210,
        "end_timestamp": 1218,
        "subjects": [],
        "download": "clip/Ovx7ebDZTJU-1207-1221.mp4"
      },
      "text": "But you see this as a real learning curve, something building for the future, providing experience. Absolutely. Otherwise wouldn't be"
    },
    {
      "metadata": {
        "speaker": "Andrea Dona",
        "company": "Vodafone",
        "start_timestamp": 1218,
        "end_timestamp": 1251,
        "subjects": [],
        "download": "clip/Ovx7ebDZTJU-1215-1254.mp4"
      },
      "text": "Able to get, we took the role to be our own system integrators. We're trying to stitch together Samsung, NEC, Dell Wind River. We have got partners like Keysight and Capgemini. So we've got a good ecosystem of technology partners. We have to get them to work together. And also in the future world where as I said earlier, we have to wake up to the fact that the world in which the whole pie is mine has gone"
    },
    {
      "metadata": {
        "speaker": "Ray Le Maistre",
        "company": "TelecomTV",
        "start_timestamp": 1251,
        "end_timestamp": 1252,
        "subjects": [],
        "download": "clip/Ovx7ebDZTJU-1248-1255.mp4"
      },
      "text": "Right?"
    },
    {
      "metadata": {
        "speaker": "Andrea Dona",
        "company": "Vodafone",
        "start_timestamp": 1252,
        "end_timestamp": 1279,
        "subjects": [],
        "download": "clip/Ovx7ebDZTJU-1249-1282.mp4"
      },
      "text": "Yeah. We have to work together to collaborate so that we create that pie and there's a big opportunity out there, but acknowledge that we will only get a part of that pie. But if that part of the pie is part of a big pie, then we're all winners. You can sit there wanting the whole pie and not get anything or work together to create that opportunity and have our fair share of that pie."
    },
    {
      "metadata": {
        "speaker": "Ray Le Maistre",
        "company": "TelecomTV",
        "start_timestamp": 1279,
        "end_timestamp": 1314,
        "subjects": [
          "fiber",
          "ran",
          "cloudification"
        ],
        "download": "clip/Ovx7ebDZTJU-1276-1317.mp4"
      },
      "text": "And scale brings a lot to everybody, doesn't it? Absolutely. And just one final thing, obviously we've been talking mostly here about cloud platforms and the mobile, the RAN network, but of course fiber plays an absolutely critical role not only in supporting the ram, but also as a service enabler itself. What does Vodafone, UK's Fiverr network asset look like and how are the partnerships you are developing around that working for you in terms of what you can deliver to customers?"
    },
    {
      "metadata": {
        "speaker": "Andrea Dona",
        "company": "Vodafone",
        "start_timestamp": 1314,
        "end_timestamp": 1411,
        "subjects": [
          "fiber",
          "containerization"
        ],
        "download": "clip/Ovx7ebDZTJU-1311-1414.mp4"
      },
      "text": "I wish, again, I had the capital to continue expanding on my current footprint. I do that, I do that to a good extent, but not as much as I would like. Therefore, had to be realistic and our strategy had to be a asset light strategy partnering with the likes of city fiber and VT open Beach. At the same time, I need to be very careful at my ongoing OPEX cost per every new circuit I order to service my network. It's additional opex. So I've got this constant balancing act to say if I've got the CapEx, I will invest the CapEx to introduce my own circuits. And this year has been a successful year. The year just completed, been a successful year in rolling out the highest number of fiber connections for my own purpose, for my own build and for my enterprise customers. If I had more money, I'd do more. Acknowledging that on the consumer side, I don't have the CapEx to meet the demand of consumers. So we've partnered very successfully with city fiber and Openreach and now we have the biggest fiber footprint in terms of FTTP fiber to the premise customers. And we can sell fiber to the consumer and we're the fastest growing HPV provider because of that. But I'm playing different games on the network side and on the enterprise. I'm also connecting my own file. I'd love to do more though if I had the money"
    },
    {
      "metadata": {
        "speaker": "Ray Le Maistre",
        "company": "TelecomTV",
        "start_timestamp": 1411,
        "end_timestamp": 1412,
        "subjects": [],
        "download": "clip/Ovx7ebDZTJU-1408-1415.mp4"
      },
      "text": "Right."
    },
    {
      "metadata": {
        "speaker": "Andrea Dona",
        "company": "Vodafone",
        "start_timestamp": 1412,
        "end_timestamp": 1414,
        "subjects": [],
        "download": "clip/Ovx7ebDZTJU-1409-1417.mp4"
      },
      "text": "It's all about the money?"
    },
    {
      "metadata": {
        "speaker": "Ray Le Maistre",
        "company": "TelecomTV",
        "start_timestamp": 1414,
        "end_timestamp": 1421,
        "subjects": [],
        "download": "clip/Ovx7ebDZTJU-1411-1424.mp4"
      },
      "text": "Hey, I'd buy some more coffee machines if I had the money as well. But that's another story. Andrea, great to catch up with you. Thanks very much."
    },
    {
      "metadata": {
        "speaker": "Andrea Dona",
        "company": "Vodafone",
        "start_timestamp": 1421,
        "end_timestamp": 0,
        "subjects": [
          "containerization"
        ],
        "download": "clip/Ovx7ebDZTJU-1418-1429.88.mp4"
      },
      "text": "Thanks very much, Ray. Thank you.Please note that video transcripts are provided for reference only – content may vary from the published video or contain inaccuracies."
    }
  ]
}