{
  "metadata": {
    "title": "How does AI fit within the RAN market? | TelecomTV",
    "date": "Apr 4, 2024",
    "youtube_id": "xeJTCt7ZQa4"
  },
  "transcript": [
    {
      "metadata": {
        "speaker": "Tony Poulos",
        "company": "TelecomTV",
        "start_timestamp": 7,
        "end_timestamp": 32,
        "subjects": [
          "ran"
        ],
        "download": "clip/xeJTCt7ZQa4-4-35.mp4"
      },
      "text": "Hi, I am Tony Pulos and I'm at Mobile World Congress in Barcelona. And today I have with me Harpinder Matharu, who is the senior director product marketing, the Wired and wireless group at AMD. Harpinder, It's great to catch up. I'm really interested to hear about what you are doing here, particularly around AI because everyone's talking about AI and how does AI fit into the RAN and the open ran market?"
    },
    {
      "metadata": {
        "speaker": "Harpinder Matharu",
        "company": "AMD",
        "start_timestamp": 32,
        "end_timestamp": 102,
        "subjects": [
          "ran",
          "containerization"
        ],
        "download": "clip/xeJTCt7ZQa4-29-105.mp4"
      },
      "text": "Yeah, so AI should look at it as a tool in a toolbox, and there are three aspects. First of all, within the base station you want to find avenues to improve the capacity of the base station. So AI comes very handy there wherever we have estimation. Channel estimation is one aspect of it. Wherever you have heuristic algorithms like scheduler, AI can do, marvelous. And when you look at a cluster of base stations, how you manage them, AI is a great tool for that. And then if you go to Edge or where you host your services, that is another area where AI tends to be a very good tool. So from that perspective, ran and open RAN is trying to define some use cases in context of Rick and I think they're going to expand it to other areas of RAN as well. So we are looking forward to its use cases and three, GPP is now defining it as part of their release 17. So it's getting covered at all aspects of standardization and industry lines as well as we are seeing that these tools can be leveraged today in context of 5G and then leading into six G."
    },
    {
      "metadata": {
        "speaker": "Tony Poulos",
        "company": "TelecomTV",
        "start_timestamp": 102,
        "end_timestamp": 115,
        "subjects": [
          "ran"
        ],
        "download": "clip/xeJTCt7ZQa4-99-118.mp4"
      },
      "text": "So would I be right in presuming that the AI could help produce a more efficient RAN system and also, but is there any power or performance degradation? We keep hearing about these GPUs being really power hungry,"
    },
    {
      "metadata": {
        "speaker": "Harpinder Matharu",
        "company": "AMD",
        "start_timestamp": 115,
        "end_timestamp": 242,
        "subjects": [],
        "download": "clip/xeJTCt7ZQa4-112-245.mp4"
      },
      "text": "I dread to ask this question, but can you elaborate more on AI and six G and how do those two correlate?"
    },
    {
      "metadata": {
        "speaker": "Harpinder Matharu",
        "company": "AMD",
        "start_timestamp": 242,
        "end_timestamp": 345,
        "subjects": [
          "ran",
          "cloudification"
        ],
        "download": "clip/xeJTCt7ZQa4-239-348.mp4"
      },
      "text": "Wow, it's a very good question. In fact, as you know, six G requirements are being gathered in three gpp standardization will happen. But that three GPP was already putting AI as a very important element in the specifications. So we believe that just like 5G introduced the cloud native concept, we believe that six G 3G PP and the proposal that we will see in three GP, we will move it towards being AI native. So leveraging AI as a tool and on all aspects of RAN deployment in the signal chain within the base station to how you optimize it to how you instantiate services. We do believe that there'll be a core part of 60. And another important thing to highlight here is for 5G, for example, release 15 started with enhanced mobile broadband as a main use case targeting consumers. And then subsequently we have other use cases coming into picture like ultra reliable, low latency and massive machine type communication. We believe that six G needs to look at enterprise and other services first so that we can scale and we can enable help operators to monetize their networks so that they can pass on that benefits to the supply chain. So the supply chain could be a little bit more being productive, beaming with lot more innovations coming in. So we believe that 60 will be more enterprise centric and will open up more use cases for the RAN deployments."
    },
    {
      "metadata": {
        "speaker": "Tony Poulos",
        "company": "TelecomTV",
        "start_timestamp": 345,
        "end_timestamp": 349,
        "subjects": [
          "ran"
        ],
        "download": "clip/xeJTCt7ZQa4-342-352.mp4"
      },
      "text": "What are the challenges that AMD is seeing on the RAN and ai?"
    },
    {
      "metadata": {
        "speaker": "Harpinder Matharu",
        "company": "AMD",
        "start_timestamp": 349,
        "end_timestamp": 414,
        "subjects": [
          "ran"
        ],
        "download": "clip/xeJTCt7ZQa4-346-417.mp4"
      },
      "text": "Right, if you look at AI concept is first of all, some of the AI elements have already been introduced, have been implemented an existing base station implementation. So they're not something completely new. But if you have to incorporate some of the new developments that we have seen in ai, obviously we have to find a way to introduce them in the existing infrastructure. So I would say that a lot of radios are already existing, they're installed. The first place where we can introduce them is the DU or the base station and as we're seeing V ran instances are getting introduced. So it's much easier for us to introduce AI in a v ran instance in ddu. And obviously as newer base sessions evolve, they'll be much more planned. If it is a proprietary box, they'll have some functionality already incorporated. So we do see that beginning will be DU and gradually as new radios are deployed and you introducing those radios and likewise you provision those in the edge sites as well."
    },
    {
      "metadata": {
        "speaker": "Tony Poulos",
        "company": "TelecomTV",
        "start_timestamp": 414,
        "end_timestamp": 422,
        "subjects": [],
        "download": "clip/xeJTCt7ZQa4-411-425.mp4"
      },
      "text": "In closing, 6G is stated to be deployed in 2030. So why are we talking about it now?"
    },
    {
      "metadata": {
        "speaker": "Harpinder Matharu",
        "company": "AMD",
        "start_timestamp": 422,
        "end_timestamp": 486,
        "subjects": [
          "backhaul",
          "containerization"
        ],
        "download": "clip/xeJTCt7ZQa4-419-489.mp4"
      },
      "text": "Yeah, first I would like to correct that we look forward to seeing some early deployments in 2028 as part of has been the case. Olympics will trigger that it'll be early deployments, but if they're early deployments, think 2028, you need to have systems ready by 26, 27 tested. Okay, there'll be standardization, may not be quite there, but still you have to have some systems tried out and if you have to do standardization then you need to have some proof of concept. Some test beds in 20 26, 20 25. So we as adaptive S-O-C-F-P-G-A provider play a significant role right from the beginning. When you have an idea, you do a proof of concept to prove it out and then that becomes one of the contributions to the standard. And then you do the take the proof of concept for early commercialization, early introduction of the products and then subsequently mainstream. So you have to basically look from 2028 backwards and therefore I think it's about time we are in 2024, so not much time remaining for us and"
    },
    {
      "metadata": {
        "speaker": "Tony Poulos",
        "company": "TelecomTV",
        "start_timestamp": 486,
        "end_timestamp": 490,
        "subjects": [],
        "download": "clip/xeJTCt7ZQa4-483-493.mp4"
      },
      "text": "We've still got a lot of 5G catching up to do in the meantime."
    },
    {
      "metadata": {
        "speaker": "Harpinder Matharu",
        "company": "AMD",
        "start_timestamp": 490,
        "end_timestamp": 537,
        "subjects": [],
        "download": "clip/xeJTCt7ZQa4-487-540.mp4"
      },
      "text": "I agree. I think 5G still more deployments need to come and we do see that many of the sites, they are going to hit capacity given every year we have a growth of 30% more traffic. So I think 60, just like 5G introduced these mid bands. We expect that 60 will open up seven gigahertz to 24 gigahertz. Again, which specific band that has to be decided as within the industry. But so for these bands it's potentially possible that we'll look into new transmission schemes, new frame structure, and new coding. Right. So from that perspective we do see that 60 G discussion will start in parallel replenishing the 5G infrastructure."
    },
    {
      "metadata": {
        "speaker": "Tony Poulos",
        "company": "TelecomTV",
        "start_timestamp": 537,
        "end_timestamp": 541,
        "subjects": [],
        "download": "clip/xeJTCt7ZQa4-534-544.mp4"
      },
      "text": "We will never stop moving forward. Harpinder, thank you very much for being with me today."
    },
    {
      "metadata": {
        "speaker": "Harpinder Matharu",
        "company": "AMD",
        "start_timestamp": 541,
        "end_timestamp": 0,
        "subjects": [
          "containerization"
        ],
        "download": "clip/xeJTCt7ZQa4-538-556.21.mp4"
      },
      "text": "Thank you Tony.Please note that video transcripts are provided for reference only – content may vary from the published video or contain inaccuracies."
    }
  ]
}