{
  "metadata": {
    "title": "The Telco as a Platform Q&A show day one | TelecomTV",
    "date": "Mar 26, 2024",
    "youtube_id": "hjeGlU7UJQs"
  },
  "transcript": [
    {
      "metadata": {
        "speaker": "Guy Daniels",
        "company": "TelecomTV",
        "start_timestamp": 24,
        "end_timestamp": 136,
        "subjects": [
          "telemetry",
          "cloudification"
        ],
        "download": "clip/hjeGlU7UJQs-21-139.mp4"
      },
      "text": "Welcome back to the Telco as a platform summit, part of our DSP Leaders coverage and time. Now for our live q and a show, I'm Guy Daniels and this is the first of two q and a shows. We have another one tomorrow. At the same time, it's your chance to ask questions on this highly topical subject. I mean the news today of China's commitment to the open gateway initiative, which you can read all about on telecom TV shows how interest in this area is accelerating rapidly. Now we opened our summit with a panel discussion that made the case for a platform-based approach to services. It's only just finished, but we are already receiving questions from you. If you haven't yet sent in one, then please do so now using the q and a form on the website. Let's now meet our guests who are eager to help with all of your questions and joining us live on the program today are Mark Gilmour, chief Technology Officer for Connectivity Europe. Terje Jensen SVP Business Security Officer and network and Cloud technology Strategy for Telenor and Francis Haysom principal analyst with Appledore Research. Hello everyone. Thanks for returning to answer our viewer questions and let's get straight to our first one. Let me read this out for you. Regarding the collaborative cross-industry approach, what are the key points of alignment needed between telcos for platform-based deployments? And Terje, perhaps we could start by getting your thoughts on that."
    },
    {
      "metadata": {
        "speaker": "Terje Jensen",
        "company": "Telenor",
        "start_timestamp": 136,
        "end_timestamp": 401,
        "subjects": [],
        "download": "clip/hjeGlU7UJQs-133-404.mp4"
      },
      "text": "Great. Terje, thanks so much indeed. Obviously a lot of areas of alignment for Tokos to consider, but as you were saying, there's already a lot of work being done. There are groups out there who are putting together frameworks and what have you to support that. Let's see if our other guests want to jump in on add any extra insights into this. Mark, did you want to add anything to this initial question about the points of alignment that we need to consider?"
    },
    {
      "metadata": {
        "speaker": "Mark Gilmour",
        "company": "Connectivitree",
        "start_timestamp": 401,
        "end_timestamp": 523,
        "subjects": [],
        "download": "clip/hjeGlU7UJQs-398-526.mp4"
      },
      "text": "Well, very interesting. Mark, thanks very much for those additional points. Francis, any thoughts on this initial question on collaboration and points of alignment?"
    },
    {
      "metadata": {
        "speaker": "Francis Haysom",
        "company": "Appledore Research",
        "start_timestamp": 523,
        "end_timestamp": 608,
        "subjects": [
          "containerization"
        ],
        "download": "clip/hjeGlU7UJQs-520-611.mp4"
      },
      "text": "Yes, perhaps I can put in a little bit of a controversial view here. I hear in the question a little bit of what I would term is a little bit of the telco standards process is that we all need to collaborate, we all need to agree on what we're going to do in advance in order that the telco solution can work. And sure there are aspects of regulation that will affect the whole of the telco industry, but I think there's a different form of collaboration which starts with actually people really saying, look, here's a commercial proposition that I want to make maybe in my area or maybe globally that I think I'm going to take the lead on. And there could be, I've just come back from A-C-N-C-F conference Q con in Paris and a very different mentality in terms of collaboration, start with the problem that needs to be solved, then collaborate to make that problem go away. And I think Telco almost needs to relearn some of its history here. Things like pay as you go as an example, were not something that started as a collaborative initiative. They were started by individuals telcos saying, I want pay as you go as a way of differentiating myself in the market and we perhaps need to get some more of that energy into this process."
    },
    {
      "metadata": {
        "speaker": "Guy Daniels",
        "company": "TelecomTV",
        "start_timestamp": 608,
        "end_timestamp": 615,
        "subjects": [],
        "download": "clip/hjeGlU7UJQs-605-618.mp4"
      },
      "text": "Great. Thanks so much Francis. Terje, you wanted to come back in and to respond to I believe what you might've just heard Terje."
    },
    {
      "metadata": {
        "speaker": "Terje Jensen",
        "company": "Telenor",
        "start_timestamp": 615,
        "end_timestamp": 686,
        "subjects": [
          "telemetry",
          "containerization"
        ],
        "download": "clip/hjeGlU7UJQs-612-689.mp4"
      },
      "text": "Yeah, no, no, I was just supporting actually Francis, I think it's not in my mind at least controversial at all I think. So it's not like you have to collaborate and agree in all dimensions before you can start going. You better start going with some focused value to say a number of customers for example. So build on that and then start on a platform in that way, but of course start in the way that it can be escaped. I think that's very important, but it's also good to start with something which is providing value as delivering a quick proof point on that approach is valuable. And I also fully agree with what Mark is saying, that in the wholesale retail setup there will be a number of roles and a number of different offerings and for example, say Telenor for example, we are in all these roles. That means that we are going to expose a number of capabilities and in some cases we are also going of course to compete with someone we are collaborating with. So this is kind of the dynamic landscape we have to maneuver in and it's not given that everything will be very clear when we start, but it's also what I think Francis is saying that we need to get started then we solve the problems as they are appearing."
    },
    {
      "metadata": {
        "speaker": "Guy Daniels",
        "company": "TelecomTV",
        "start_timestamp": 686,
        "end_timestamp": 734,
        "subjects": [],
        "download": "clip/hjeGlU7UJQs-683-737.mp4"
      },
      "text": "Excellent advice. Thanks very much everyone. Three sets of great advice there for our first question. So let's move on to another viewer question we have received in the past hour or so, telco as a platform should be adopted as holistic and agnostic to the type of network and yet the wider industry tends to associate them as 5G or mobile. How therefore do we broaden the message to include fixed and wifi and attract developers and customers to those networks? I think we're guilty of focusing on mobile an awful lot. Mark, what thoughts do you have to make sure that this is holistic and agnostic?"
    },
    {
      "metadata": {
        "speaker": "Mark Gilmour",
        "company": "Connectivitree",
        "start_timestamp": 734,
        "end_timestamp": 1001,
        "subjects": [],
        "download": "clip/hjeGlU7UJQs-731-1004.mp4"
      },
      "text": "Great. Thanks so much Mark. The opportunity is there for us if we want to grasp it. And you mentioned what Francis was saying earlier, let's go over to Francis now. Francis, what are your thoughts on this?"
    },
    {
      "metadata": {
        "speaker": "Francis Haysom",
        "company": "Appledore Research",
        "start_timestamp": 1001,
        "end_timestamp": 1091,
        "subjects": [
          "api"
        ],
        "download": "clip/hjeGlU7UJQs-998-1094.mp4"
      },
      "text": "Yeah, I think Mark makes a really, really strong point, which is that there are APIs and opportunities all over telco. It's not simply in 5G or in mobility more widely. I think again, I come back to some earlier point, we've got to start with what is the problem we're trying to solve for developers. There's a danger in this question again, which is we are looking for the universal API to all telco and I don't think that's the way developers see it and many different networks are providing very, very different capabilities. So definitely look for alignment in APIs for example, access on demand on a mobile network or on a fixed network is certainly something that is ideally standardized in order that the developer can use it whatever the technology in an area location-based services limited, probably limited opportunity there. So I think the important thing I think for all of these APIs is start with what is the problem I'm trying to solve for the developer and what is the likely commercial model that they'll provide for me delivering that one. And in some ways I think we almost need to look at it in a slightly different way, which is actually APIs targeted the at specific developer communities rather than the APIs targeted at what the telco thinks they can sell to the developers' communities may well be the opportunity for telco as a platform."
    },
    {
      "metadata": {
        "speaker": "Guy Daniels",
        "company": "TelecomTV",
        "start_timestamp": 1091,
        "end_timestamp": 1111,
        "subjects": [],
        "download": "clip/hjeGlU7UJQs-1088-1114.mp4"
      },
      "text": "That's food for thought there Francis. Yeah. Well I wonder if any of our viewers online might want to send in some follow-up questions to that. That's very interesting either today or for tomorrow's show where we focus more on APIs. Terje, let's come across to you on this question of being more holistic in the approach"
    },
    {
      "metadata": {
        "speaker": "Terje Jensen",
        "company": "Telenor",
        "start_timestamp": 1111,
        "end_timestamp": 1279,
        "subjects": [
          "telemetry"
        ],
        "download": "clip/hjeGlU7UJQs-1108-1282.mp4"
      },
      "text": "Thanks. Yeah, and thanks for telling us off Telenor's approach as well and what you are doing at the moment. Let's move on to another viewer question here. I'm just reading as we speak Francis, let me put this one across to you. Are the majority of telcos ready to offer platform services to enterprise customers or is this at the moment just a capability for a handful of either very large or very niche telcos? What do you think?"
    },
    {
      "metadata": {
        "speaker": "Francis Haysom",
        "company": "Appledore Research",
        "start_timestamp": 1279,
        "end_timestamp": 1383,
        "subjects": [
          "api"
        ],
        "download": "clip/hjeGlU7UJQs-1276-1386.mp4"
      },
      "text": "I honestly think everybody can play in this area. I don't think, this is not about how big you are, it's about how targeted that you are and your focus on a commercial opportunity. Any telco that can address what is it my applications need, what is it the enterprises that I'm engaging my, what I'm exposing my platform to. It can clearly say what that capability is and why somebody would want to buy it has the opportunity to succeed here and I've used the comment many, many times a good platform and a good API is one that is used. It's not about how well formed it is or anything else like that. The opportunity for the smaller providers I think is quite huge and we're already seeing that in some aspects of some of these solutions that the operators in the global south are providing in terms of delivering to their local development communities in their specific areas. Another area specifically to do with the enterprise is using other enterprise platforms or we've recently done a profile of service now is service bridge capability, which is something which a telco can buy as part as an enterprise and provide that to enterprise customers providing a seamless experience from the enterprises network into the telcos network. So there's a whole load of opportunities which are there, some of which are ready and off the shelf capabilities that can be provided by telcos of any size."
    },
    {
      "metadata": {
        "speaker": "Guy Daniels",
        "company": "TelecomTV",
        "start_timestamp": 1383,
        "end_timestamp": 1391,
        "subjects": [],
        "download": "clip/hjeGlU7UJQs-1380-1394.mp4"
      },
      "text": "Thanks Francis. So it's open to all, let's hear the views from Mark and Terje as well and Mark, let's start with you."
    },
    {
      "metadata": {
        "speaker": "Mark Gilmour",
        "company": "Connectivitree",
        "start_timestamp": 1391,
        "end_timestamp": 1639,
        "subjects": [],
        "download": "clip/hjeGlU7UJQs-1388-1642.mp4"
      },
      "text": "Great. Thanks very much Mark. So there's ways to offer platform services irrespective of where you are on your individual transformation journey. Excellent. Terje, let's get some thoughts from you as well, please."
    },
    {
      "metadata": {
        "speaker": "Terje Jensen",
        "company": "Telenor",
        "start_timestamp": 1639,
        "end_timestamp": 1844,
        "subjects": [
          "throughput"
        ],
        "download": "clip/hjeGlU7UJQs-1636-1847.mp4"
      },
      "text": "Thanks Terje. Yeah, absolutely. There's technical guidelines, there's technical reasons, but there's also the business reasons and individual telcos need to decide that that's their strategy they want to pursue. Thanks very much indeed everyone. We're going to pause for a few seconds because we do want to check in on our audience poll for the telco as a platform summit. The question we are asking you this week is what are the main benefits to network operators of a telco as a platform strategy? And you can see the real time votes appearing right here to my right. Look at that one. Create new service opportunities in the enterprise market. No surprise, I guess that, well I don't think there's a surprise that is proving to be a very popular answer choice now. If you've yet to vote, please do so. I'm already seeing the votes go up every few seconds, so we're getting a lot of response into this poll. We will take a final look at the voting during tomorrow's live q and a show. Well, we still have time today for more questions, so let's get through as many of them as we can and we'll start with this one. How do our panelists see telcos working with aggregators and hyperscalers given their proximity with developers and enterprises globally and the fact that hyperscalers have much better relations with developers? Terje, let's come to you first on this one. This is a question we see quite a few times actually. What are your thoughts?"
    },
    {
      "metadata": {
        "speaker": "Terje Jensen",
        "company": "Telenor",
        "start_timestamp": 1844,
        "end_timestamp": 2054,
        "subjects": [],
        "download": "clip/hjeGlU7UJQs-1841-2057.mp4"
      },
      "text": "Thanks Terje. That's what we want because obviously yeah, as you say, the hyperscalers do have, well their global reach is very attractive to developers and hence their extensive ecosystem. Francis, multiple ways to engage with aggregators and hyperscalers. What are your thoughts?"
    },
    {
      "metadata": {
        "speaker": "Francis Haysom",
        "company": "Appledore Research",
        "start_timestamp": 2054,
        "end_timestamp": 2164,
        "subjects": [],
        "download": "clip/hjeGlU7UJQs-2051-2167.mp4"
      },
      "text": "I think the most important thing is not to see hyperscalers and aggregators as either total impossible competition or they are part of the ecosystem which any telco platform has to engage with. I think it's also important to say with both the hyperscalers and the aggregators, they got to where they were by solving a real developer problem and if we can again just make sure that we as telco are focused at exactly the same thing. If we are solving a developer problem, if we're solving it with an aggregator or in competition to an aggregator or in collaboration with a hyperscaler or in competition with a hyperscaler, if we are clear what the commercial model and why a developer wants to use us, we can succeed. I think the other important thing is last week I was actually at A-C-N-C-F conference in Paris called CubeCon, which is all about, it's a huge developer community doing stuff with open source, particularly whilst hyperscale was important in the conversation, aggregators were part of this conversation on, for example Twilio. Twilio was there. It's also important to say it was lots of small operations doing clever things, collaborating, creating new ecosystems, creating new opportunities in there and I think again, if Telco can visit, see these types of events and see the possibility in different form, then possibly they'll see hyperscale and aggregators as less of an impossible mountain to compete against."
    },
    {
      "metadata": {
        "speaker": "Guy Daniels",
        "company": "TelecomTV",
        "start_timestamp": 2164,
        "end_timestamp": 2209,
        "subjects": [
          "fronthaul",
          "containerization"
        ],
        "download": "clip/hjeGlU7UJQs-2161-2212.mp4"
      },
      "text": "Thanks very much Francis, and I think one of my takeaways from day one of this summit is what's the problem we're looking to solve for developers and keeping that front and center right. Next question, here we goes. When we look at the big internet platforms, they are controlled by single companies. We appear to be talking more about a federated approach with numerous interconnected network platforms and given that the big tech companies still haven't worked out how to do this successfully, what chance does telco have? Francis, perhaps I can come back to you with this one. Any thoughts from you as to are we talking about a federated approach and what's our chances of success?"
    },
    {
      "metadata": {
        "speaker": "Francis Haysom",
        "company": "Appledore Research",
        "start_timestamp": 2209,
        "end_timestamp": 2314,
        "subjects": [],
        "download": "clip/hjeGlU7UJQs-2206-2317.mp4"
      },
      "text": "Great, thanks very much Francis, and let's go across to Mark as well."
    },
    {
      "metadata": {
        "speaker": "Mark Gilmour",
        "company": "Connectivitree",
        "start_timestamp": 2314,
        "end_timestamp": 2552,
        "subjects": [],
        "download": "clip/hjeGlU7UJQs-2311-2555.mp4"
      },
      "text": "Indeed it is. Yeah. Thanks very much Mark for those comments. And Terje a let's go across to you for your comments on this question about a federated approach."
    },
    {
      "metadata": {
        "speaker": "Terje Jensen",
        "company": "Telenor",
        "start_timestamp": 2552,
        "end_timestamp": 2730,
        "subjects": [
          "ran"
        ],
        "download": "clip/hjeGlU7UJQs-2549-2733.mp4"
      },
      "text": "No, quite right. Thanks Terje. We've got to engage whatever happens in the longer term. Right? Thanks very much. Let's try and squeeze in a couple more questions. I think we can do two more questions before we run out of time. So let's look at our next one. How will the platform integrate with existing telco infrastructure and legacy systems? Terje, perhaps I could come back to you for this one about integration with existing infrastructure and legacy systems."
    },
    {
      "metadata": {
        "speaker": "Terje Jensen",
        "company": "Telenor",
        "start_timestamp": 2730,
        "end_timestamp": 2807,
        "subjects": [
          "ran"
        ],
        "download": "clip/hjeGlU7UJQs-2727-2810.mp4"
      },
      "text": "Yeah, I would try to be quick, I think as we are probably running out of time, but of course legacy systems, that's a bit of a negative melo or tone to it. So of course if it's going to be legacy the term in the terms that is a problem, you can look upon that we are introduced platforms as a one way to isolate or even expose that legacy to partners. For example, if the legacy system is not able to support mostly tendency, for example, or security isolation, it might be an opportunity to build something on top called a platform, for example, to interface a customer still towards the legacy system. So it's a way to potentially to isolate the legacy from the demands from external demand. Typically, you can also look upon, and that's something we also doing. We are looking upon a platform purely for internal use to make this legacy and to isolate and to have different life cycles on the legacy systems. So allow us to decouple them and to start facing out some of them and also freeze others of the system. So it's a way to bring the business flexibility in quality it into the system architecture and platform might be one of the components in order to achieve that."
    },
    {
      "metadata": {
        "speaker": "Guy Daniels",
        "company": "TelecomTV",
        "start_timestamp": 2807,
        "end_timestamp": 2815,
        "subjects": [],
        "download": "clip/hjeGlU7UJQs-2804-2818.mp4"
      },
      "text": "Yeah, it could be interesting. Thanks Terje. Mark, would you like to add some thoughts to this question of integrating with current infrastructure?"
    },
    {
      "metadata": {
        "speaker": "Mark Gilmour",
        "company": "Connectivitree",
        "start_timestamp": 2815,
        "end_timestamp": 2939,
        "subjects": [
          "throughput",
          "orchestration",
          "orchestrator",
          "automation"
        ],
        "download": "clip/hjeGlU7UJQs-2812-2942.mp4"
      },
      "text": "Yeah, it goes back to a little bit to the point I was making earlier on one of the other questions about meeting partners or meeting systems where they're ready. Toter has made a great point about abstraction, putting in a platform, some sort of orchestration or automation or abstraction layer into that technology or legacy service to be able to then expose actually the key parts that are necessary for service delivery or to resolve the problem. And I think that's a very good way of being able to manage that. We've had some very in-depth discussions and moving forward with a number of niche players actually that helps solve a distinct problem or a distinct use case that actually then allows legacy system to be able to still get full use out of that. But in an automated platform, as a network, as a service sort of environment, you can still leverage some of those skills. So I think it's really important to be able to meet the, or design your systems, design your platform in such a way that you can meet partners, you can meet technologies or other systems at where they are ready to. So it lowers the barrier to entry for consuming service or consuming through the platform that you've orchestrated or designed. And I think that's really, really important because ultimately that's going to build to the success. If it's incredibly difficult to onboard into your platform, then the success is going to be limited."
    },
    {
      "metadata": {
        "speaker": "Guy Daniels",
        "company": "TelecomTV",
        "start_timestamp": 2939,
        "end_timestamp": 2945,
        "subjects": [],
        "download": "clip/hjeGlU7UJQs-2936-2948.mp4"
      },
      "text": "Great. Yeah, thank you very much Mark and Francis, over to you for thoughts on this question of integration with existing infrastructure."
    },
    {
      "metadata": {
        "speaker": "Francis Haysom",
        "company": "Appledore Research",
        "start_timestamp": 2945,
        "end_timestamp": 3231,
        "subjects": [
          "automation",
          "containerization"
        ],
        "download": "clip/hjeGlU7UJQs-2942-3234.mp4"
      },
      "text": "I think first and foremost, it can turn a static product into something that is dynamic and extensible. That's what we have noted. What we have devised with our products and services is that you can start to do, you can be much more flexible with how that product is consumed, be it commercial models, be it technical pieces. We found that actually architecting our network and our service offering and our automation platform allows us to be able to do things with the technology that has been there for a long time but really just couldn't be accessed when I think, for example, on cross continental transport links, for example, data transport links, the ability to select and really identify routing, which becomes really important on very long distance network routes, for example, for resiliency, for geopolitical reasons, all those sort of things that become steerable. I mean it's been there in the technology for a long time. You've just been really difficult to access it at a service level that can be exposed. Those are the sort of things that can happen. There's many more that we could go to, but I'll give others the time to jump in there. But yeah, I think it does open up windows to be more flexible and extensible with the products and services."
    },
    {
      "metadata": {
        "speaker": "Guy Daniels",
        "company": "TelecomTV",
        "start_timestamp": 3231,
        "end_timestamp": 3243,
        "subjects": [],
        "download": "clip/hjeGlU7UJQs-3228-3246.mp4"
      },
      "text": "Great. Thanks very much, mark. Well let's hear from Francis and Terje to round out the program. Francis, we'll come to you first. Does the platform approach change the product that CSPs are offering?"
    },
    {
      "metadata": {
        "speaker": "Francis Haysom",
        "company": "Appledore Research",
        "start_timestamp": 3243,
        "end_timestamp": 3282,
        "subjects": [],
        "download": "clip/hjeGlU7UJQs-3240-3285.mp4"
      },
      "text": "Actually, that's a very simple answer. Yes, but I come back to, it only changes it if we're very clear. What is it we're trying to do, who wants to buy it, and what is the opportunity from that one? If we start from that basis and we start to expand that out across a number of use cases, that gives us a huge opportunity for new products, new ways of earning revenue as a service, on demand services, et cetera. That platform enables you to do that. But start with the commercial model and the commercial focus, who you're going to work with, who your customers are and the rest follows."
    },
    {
      "metadata": {
        "speaker": "Guy Daniels",
        "company": "TelecomTV",
        "start_timestamp": 3282,
        "end_timestamp": 3287,
        "subjects": [],
        "download": "clip/hjeGlU7UJQs-3279-3290.mp4"
      },
      "text": "Great. Thanks so much Francis and Terje, let's come to you for our final word."
    },
    {
      "metadata": {
        "speaker": "Terje Jensen",
        "company": "Telenor",
        "start_timestamp": 3287,
        "end_timestamp": 3334,
        "subjects": [],
        "download": "clip/hjeGlU7UJQs-3284-3337.mp4"
      },
      "text": "Yeah, so my answer is also yes. I think one thing it does is actually lowering the threshold for offering more products. So that's one of the things. So actually, and if you want to read about this, you can probably look into our technology strategy. So there are two aspects there, which I would just highlight very briefly. I think one is that we are actually what we call layering, which is collapsing an integrated stack. So it's have the opportunity to offer a lot more new product types. That means also new customer types, and we also want to deliver this as a service, which is another way to provide and also consume the services. So these are characteristics we'd like to achieve with following this approach."
    },
    {
      "metadata": {
        "speaker": "Guy Daniels",
        "company": "TelecomTV",
        "start_timestamp": 3334,
        "end_timestamp": 0,
        "subjects": [
          "containerization"
        ],
        "download": "clip/hjeGlU7UJQs-3331-3409.06.mp4"
      },
      "text": "Great. Thanks Terje. Well, we are out of time now. The hour is up. Thank you so much to all of our guests who joined us today and do remember to send in your questions for tomorrow's live q and a show as soon as you can. Don't leave it too late and please take part in the poll. There is still time for you to have your say. Here's the agenda for tomorrow. Day two of the summit. We have a panel discussion for you on how APIs and middleware can support vertical applications. Plus I interview G-S-M-A-C-T-O, Alex Sinclair about the open gateway initiative. Until then, thank you for watching and goodbye.Please note that video transcripts are provided for reference only – content may vary from the published video or contain inaccuracies."
    }
  ]
}