{
  "metadata": {
    "title": "The Digital Support Systems Q&A show day one | TelecomTV",
    "date": "Apr 23, 2024",
    "youtube_id": "YOn3CvUkNQU"
  },
  "transcript": [
    {
      "metadata": {
        "speaker": "Guy Daniels",
        "company": "TelecomTV",
        "start_timestamp": 24,
        "end_timestamp": 317,
        "subjects": [],
        "download": "clip/YOn3CvUkNQU-21-320.mp4"
      },
      "text": "Great, thanks Beth. That's very interesting. So possibly a mixed bag so far, John, lemme come across to you. Do you see similar things from your perspective?"
    },
    {
      "metadata": {
        "speaker": "John Abraham",
        "company": "Appledore Research",
        "start_timestamp": 317,
        "end_timestamp": 589,
        "subjects": [],
        "download": "clip/YOn3CvUkNQU-314-592.mp4"
      },
      "text": "Great, thanks for those alternative ideas there John. We might develop those in a future program. Well worth exploring more. Soumava, would you like to come in on this point raised by our viewer there about you are our vendor representative on the panel today. I guess you're going to say yes, you understand the needs of the telcos with next generation and systems, but it is complicated, isn't it when you're faced with entrenched legacy silos and equipment."
    },
    {
      "metadata": {
        "speaker": "Soumava Dutta",
        "company": "Dell Technologies",
        "start_timestamp": 589,
        "end_timestamp": 688,
        "subjects": [
          "api",
          "cloudification"
        ],
        "download": "clip/YOn3CvUkNQU-586-691.mp4"
      },
      "text": "I totally agree with what Beth and John came up with and what they set the points that they set forth. I just wanted to add or build two things on top of it. The legacy already has a database and like Beth said, it's the biggest chunk where CSPs are layering on top of it year on year and it has grown to such huge lengths that it caused arm and a leg or even more than that to even replace it. So CSPs just cannot take a bulldozer and just crash it all out. They need to take a scalpel approach and take chunks of it. Now, based on that approach, we can see an hybrid option coming into the picture. Now what do we mean by this hybrid option? It's leveraging a hybrid model between both where the data resides on the cloud or on premise. It's not just extracting the data, it becomes like part of the data, but you have a middleware return on top of it which gives you that option, which gives you, builds that flexibility so that you can come to the newer stack, newer scales that helps you grow. Next piece is the API LED connectivity and that's how the modern systems are getting built and that's how you talk to someone which actually don't want to talk to you, but at least will give you a placeholder to have a communication between the old systems and the new systems which are coming up."
    },
    {
      "metadata": {
        "speaker": "Guy Daniels",
        "company": "TelecomTV",
        "start_timestamp": 688,
        "end_timestamp": 697,
        "subjects": [],
        "download": "clip/YOn3CvUkNQU-685-700.mp4"
      },
      "text": "Great, thanks Soumava. I like the hybrid approach there. Beth, do you want to come in quickly to give us some additional comments here?"
    },
    {
      "metadata": {
        "speaker": "Beth Cohen",
        "company": "Verizon",
        "start_timestamp": 697,
        "end_timestamp": 736,
        "subjects": [],
        "download": "clip/YOn3CvUkNQU-694-739.mp4"
      },
      "text": "I do. Soumava brought up a point about the hybrid stack and the fact is is telcos are already experiencing that because of mergers and acquisitions over time. So I know that Verizon has several stacks that have come in from various mergers that have happened over time, and so we have already experienced that need for a bridge and I can tell you it is extremely difficult. We are struggling with that every day."
    },
    {
      "metadata": {
        "speaker": "Guy Daniels",
        "company": "TelecomTV",
        "start_timestamp": 736,
        "end_timestamp": 789,
        "subjects": [
          "bss",
          "oss"
        ],
        "download": "clip/YOn3CvUkNQU-733-792.mp4"
      },
      "text": "Great, thanks very much Beth. It's interesting you've mentioned that because we've just had a question in the past few seconds about the impact of mergers on OSS and BSS. We may not get range of answering that today, so we will look at that for tomorrow. Also to our viewers, any questions we don't get to answer today, we will consider them for tomorrow so they're not wasted. Right. Let's move on quickly to our next question and our viewer asks, do telcos now have a different set of vendor selection criteria when they look at new digital OSS and BSS solutions? How have the requirements changed over the past few years? John, I wonder if we could maybe pop to you for this one and with your tracking and insights into the wider picture here, what are you seeing changing over the past few years?"
    },
    {
      "metadata": {
        "speaker": "John Abraham",
        "company": "Appledore Research",
        "start_timestamp": 789,
        "end_timestamp": 1104,
        "subjects": [],
        "download": "clip/YOn3CvUkNQU-786-1107.mp4"
      },
      "text": "Great. Thanks very much John and interesting perspectives. Let's go across and hear from other guests as well. Soumava, let's start with you and then we'll go across to Beth, but Soumava, let's hear from you first."
    },
    {
      "metadata": {
        "speaker": "Soumava Dutta",
        "company": "Dell Technologies",
        "start_timestamp": 1104,
        "end_timestamp": 1166,
        "subjects": [
          "cloudification"
        ],
        "download": "clip/YOn3CvUkNQU-1101-1169.mp4"
      },
      "text": "Thank you guy. I would like to agree on some points with John make, but typically one point which caught my attention cloud does helps us experiment faster, but it depends much more on the application and how the application is built. If the application is not built with a multi-cloud approach where I can lift and shift it to any place, then it doesn't matter on where the application is hosted, right? So at the end of the day, it depends on which use case I'm driving towards and how I can get a better TCO, even if I drive it on-prem, if I have an hybrid approach or if I don't build my application geared towards specific cloud for all the other points. Like John said, I do agree that experimentation and the way the landscape moves does help us syn getting to this DSS journey much quickly."
    },
    {
      "metadata": {
        "speaker": "Guy Daniels",
        "company": "TelecomTV",
        "start_timestamp": 1166,
        "end_timestamp": 1174,
        "subjects": [],
        "download": "clip/YOn3CvUkNQU-1163-1177.mp4"
      },
      "text": "Great, thanks Soumava. And Beth, let's come across to you for your thoughts about how this relationship has changed over the past few years."
    },
    {
      "metadata": {
        "speaker": "Beth Cohen",
        "company": "Verizon",
        "start_timestamp": 1174,
        "end_timestamp": 1391,
        "subjects": [
          "throughput",
          "orchestration",
          "orchestrator",
          "automation",
          "bss",
          "oss"
        ],
        "download": "clip/YOn3CvUkNQU-1171-1394.mp4"
      },
      "text": "That's very interesting. Thanks very much Beth. Thanks everyone for those answers. A lot more questions to get through. So let's look straight away at our next viewer question. And this one is as follows, report suggests that Telco investment in OSS and BSS is outperforming other network areas in an age of cost savings. Why this focus on customer engagement investments as well as automation and orchestration tools? And I think this question refers to a report that came out from an analyst firm around MWC earlier this year. Soumava, let me come across to you for your thoughts on this one, please."
    },
    {
      "metadata": {
        "speaker": "Soumava Dutta",
        "company": "Dell Technologies",
        "start_timestamp": 1391,
        "end_timestamp": 1521,
        "subjects": [
          "slice/slicing",
          "telemetry",
          "bss",
          "oss"
        ],
        "download": "clip/YOn3CvUkNQU-1388-1524.mp4"
      },
      "text": "I totally do agree with the report. That is what I would start with Guy, not only Mason's report, I think ARO came up with their own analysis of similar output with fiscal 2028. I think OSS/BSS subsystems in their digital transformation journey is trying to grow towards around 78 billion in term market revenue spend. So that's a huge lot from where we are today and why the question said why this trend is emerging, if we understand our thought process, we as consumers, if we see that, okay, where we get the best bang for our buck, if I see a customer or provider is going to give us some bundled value, which brings my charges down for the month over month, I would tend to go and ship. So what the operators are doing is they are engaging heavily to ensure that the experience, the customer who is already a part of their ecosystem is having the best of the experience that they can get and they do not look for other offers, they do not shop for other offers if they don't have to, and hence customer engagement becomes paramount. That's reason one. Next pieces, the oss, BSS subsystems, the digital subsystems itself, it helps in operational efficiency like the OSS systems for efficient management of the telecom networks. We are in the era where we are talking about network slices, we are talking about digital gaming platforms and on basis of user subscriptions and how do we achieve that? It's based on this next generation digital subsystems that we can have and that's where the investment needs to go in so that we can enable those use cases. It's all depends on the use cases."
    },
    {
      "metadata": {
        "speaker": "Guy Daniels",
        "company": "TelecomTV",
        "start_timestamp": 1521,
        "end_timestamp": 1533,
        "subjects": [],
        "download": "clip/YOn3CvUkNQU-1518-1536.mp4"
      },
      "text": "Yeah, absolutely. Thanks Soumava. And you're right, I think there were a couple of reports came out about the same time on this subject. John, lemme come across to you next and then we'll hear from Beth. But John, let's hear your thoughts."
    },
    {
      "metadata": {
        "speaker": "John Abraham",
        "company": "Appledore Research",
        "start_timestamp": 1533,
        "end_timestamp": 1700,
        "subjects": [],
        "download": "clip/YOn3CvUkNQU-1530-1703.mp4"
      },
      "text": "Good point because it's not one or the other, is it? It's definitely both. Thanks very much for that John and Beth, let's hear from you."
    },
    {
      "metadata": {
        "speaker": "Beth Cohen",
        "company": "Verizon",
        "start_timestamp": 1700,
        "end_timestamp": 2036,
        "subjects": [
          "cloudification"
        ],
        "download": "clip/YOn3CvUkNQU-1697-2039.mp4"
      },
      "text": "I do. So what struck me about that and I answered the poll myself and I did not put those at the top. Again, I was putting, I'm an operator, so I put it in from the operator's perspective and I'm wondering that it might have more to do with the audience than it would, I would look at the audience and who's answering the poll because I'm a little surprised that ai, which is really nascent is so high. And also I noticed that cloud native is also at 40%, which is pretty high as well. So we're really talking about people who are responding with a very much next generation point of view and maybe they're not living the day-to-day reality of dealing with 45-year-old systems."
    },
    {
      "metadata": {
        "speaker": "Guy Daniels",
        "company": "TelecomTV",
        "start_timestamp": 2036,
        "end_timestamp": 2047,
        "subjects": [],
        "download": "clip/YOn3CvUkNQU-2033-2050.mp4"
      },
      "text": "Good points. Beth. Yeah, you could be onto something there. John, did you want to quickly come in on the initial observation of those results in progress?"
    },
    {
      "metadata": {
        "speaker": "John Abraham",
        "company": "Appledore Research",
        "start_timestamp": 2047,
        "end_timestamp": 2118,
        "subjects": [
          "throughput",
          "ran"
        ],
        "download": "clip/YOn3CvUkNQU-2044-2121.mp4"
      },
      "text": "Sure Guy, as you pointed out, gen AI is no surprise. I think that's partly because there's a lot of focus at the senior leadership level of telcos to try and translate an AI into value within the organization and the teams are running around trying to look what best way to do that. And that's probably reflected in that survey outcome there. New revenue creation. I think that Kui telling, isn't it? We just spoke about all the different types of transformation, different ways, how it's evolved and so on. And I think from a telco perspective, it's bad news. If the reason, if the only reason or the biggest reason for transformation is just some efficiency gains, there has to be clear, tangible, new revenue opportunities that they can embrace that was not accessible to them previously. That comes out of just having these transformations and there's clearly a big factor there because a lot of monies being bet to transform some of these legacy systems and operators hope that they won't just be talking about how much cost they save, but they'd also have a story about how much money, new money made through that exercise."
    },
    {
      "metadata": {
        "speaker": "Guy Daniels",
        "company": "TelecomTV",
        "start_timestamp": 2118,
        "end_timestamp": 2156,
        "subjects": [
          "throughput"
        ],
        "download": "clip/YOn3CvUkNQU-2115-2159.mp4"
      },
      "text": "Yeah, absolutely. And it'd be interesting to see if the results or the trends change this time tomorrow, but tuning again tomorrow to find out. Okay, let's get back to our actual viewer questions. We've got a few more I'd love to get through. Let's have a look at our next one. Infrastructure management appears to a key driver more so than revenue assurance. For example, are we seeing a renewed interest in network wide support improvements? Beth, could I please come across to you for your thoughts on that? Are we seeing a renewed interest in network-wide support improvements?"
    },
    {
      "metadata": {
        "speaker": "Beth Cohen",
        "company": "Verizon",
        "start_timestamp": 2156,
        "end_timestamp": 2227,
        "subjects": [],
        "download": "clip/YOn3CvUkNQU-2153-2230.mp4"
      },
      "text": "Totally, yes. And among other things we're looking at improving the efficiency of the deployment operations end to end billing efficiency. Also, more importantly, I mentioned mergers and acquisitions earlier. Verizon was created as a merger from its beginning 20 years ago. And so we still have systems that were from the previous companies, so we still need to make sure that those systems are smooth and fully integrated with each other and it cannot affect the customer to say, well, this used to be an MCI circuit, this used to be a GT circuit. They don't care, totally don't care. And so we are doing a lot of work around making sure that the customers, it's just a single, it's rising."
    },
    {
      "metadata": {
        "speaker": "Guy Daniels",
        "company": "TelecomTV",
        "start_timestamp": 2227,
        "end_timestamp": 2260,
        "subjects": [
          "oss"
        ],
        "download": "clip/YOn3CvUkNQU-2224-2263.mp4"
      },
      "text": "Yeah, absolutely. Thank you very much, Beth. Moving on, I think to another viewer question, and we've already seen in our poll results the importance of ai. This is a question specifically about gen ai. What are the breakthroughs we are expecting from Gen AI for OSS? So what are the breakthroughs that we should expect to see from the implementation of GenAI with regards to OSS? Soumava, could I maybe start with your thoughts on this one?"
    },
    {
      "metadata": {
        "speaker": "Soumava Dutta",
        "company": "Dell Technologies",
        "start_timestamp": 2260,
        "end_timestamp": 2410,
        "subjects": [],
        "download": "clip/YOn3CvUkNQU-2257-2413.mp4"
      },
      "text": "Indeed. And thanks for those comments. I like this question because you could ask it in a month's time and the industry has moved on so much and there's so many advancements it's going to change, it's developing at a rapid rate of knots. Unless there's any other comments from our guests on this question, Beth would like to come in."
    },
    {
      "metadata": {
        "speaker": "Beth Cohen",
        "company": "Verizon",
        "start_timestamp": 2410,
        "end_timestamp": 2599,
        "subjects": [
          "cloudification"
        ],
        "download": "clip/YOn3CvUkNQU-2407-2602.mp4"
      },
      "text": "Yeah, absolutely. There certainly are. Thanks very much, Beth. We just about have time for one more question. I think from our audience. Let's see if we can get this one in. As part of the move to cloud native architectures, some of the DSS vendors are also pushing a move to a SaaS model, a software as a service model. What are the pros and cons of this approach from the DSP point of view? And John, I wonder if I could start by getting your views on the incorporation of SaaS here."
    },
    {
      "metadata": {
        "speaker": "John Abraham",
        "company": "Appledore Research",
        "start_timestamp": 2599,
        "end_timestamp": 0,
        "subjects": [
          "throughput",
          "containerization",
          "cloudification",
          "bss",
          "oss"
        ],
        "download": "clip/YOn3CvUkNQU-2596-2902.31.mp4"
      },
      "text": "Great. Thanks very much, John. It is certainly an interesting approach. Well, I do believe we are out of time now. Very sorry about that. But thank you to all three of you for joining us for this live program. And do remember to send in your questions for tomorrow's live q and a show as soon as you can. Don't leave it too late. We've already got a number of questions that have come through during this show that we're going to consider for tomorrow's q and a show, so tune in for that one same time tomorrow. And please take part in the poll. There is still time for you to have your say. Right Here is the agenda for tomorrow day two of the summit, and among the highlights we have panel discussion for you on the merits of deploying next gen OSS and BSS on the public cloud. Until then, thank you so much for watching and goodbye.Please note that video transcripts are provided for reference only – content may vary from the published video or contain inaccuracies."
    }
  ]
}